id,name,rank,parent,parent_level
711964,acantharia incertae sedis,order,acantharia,class
866438,acanthonida,order,acantharia,class
367301,arthracanthida,order,acantharia,class
367300,chaunacanthida,order,acantharia,class
367298,holacanthida,order,acantharia,class
367299,symphyacanthida,order,acantharia,class
591168,haemospororida,order,aconoidasida,class
562847,piroplasmorida,order,aconoidasida,class
10288,acipenseriformes,order,actinopterygii,class
1321884,argentiniformes,order,actinopterygii,class
10307,ateleopodiformes,order,actinopterygii,class
10318,atheriniformes,order,actinopterygii,class
10308,aulopiformes,order,actinopterygii,class
10315,batrachoidiformes,order,actinopterygii,class
10320,beloniformes,order,actinopterygii,class
10322,beryciformes,order,actinopterygii,class
10323,cetomimiformes,order,actinopterygii,class
10297,clupeiformes,order,actinopterygii,class
154156,cypriniformes,order,actinopterygii,class
10319,cyprinodontiformes,order,actinopterygii,class
10313,gadiformes,order,actinopterygii,class
10326,gasterosteiformes,order,actinopterygii,class
10317,gobiesociformes,order,actinopterygii,class
154212,gonorhynchiformes,order,actinopterygii,class
10310,lampriformes,order,actinopterygii,class
154571,lepisosteiformes,order,actinopterygii,class
10316,lophiiformes,order,actinopterygii,class
397228,mugiliformes,order,actinopterygii,class
10309,myctophiformes,order,actinopterygii,class
10294,notacanthiformes,order,actinopterygii,class
10314,ophidiiformes,order,actinopterygii,class
10304,osmeriformes,order,actinopterygii,class
11014,perciformes,order,actinopterygii,class
10331,pleuronectiformes,order,actinopterygii,class
10311,polymixiiformes,order,actinopterygii,class
10305,salmoniformes,order,actinopterygii,class
10329,scorpaeniformes,order,actinopterygii,class
154157,siluriformes,order,actinopterygii,class
10321,stephanoberyciformes,order,actinopterygii,class
10306,stomiiformes,order,actinopterygii,class
154218,synbranchiformes,order,actinopterygii,class
10327,syngnathiformes,order,actinopterygii,class
10332,tetraodontiformes,order,actinopterygii,class
10919,zeiformes,order,actinopterygii,class
151804,albuliformes,order,actinopterygii,class
10295,anguilliformes,order,actinopterygii,class
10292,elopiformes,order,actinopterygii,class
10296,saccopharyngiformes,order,actinopterygii,class
NA,NA,NA,allomalorhagida,class
380371,auloporida,order,anthozoa,class
366466,penicillaria,order,anthozoa,class
151646,spirularia,order,anthozoa,class
1360,actiniaria,order,anthozoa,class
22549,antipatharia,order,anthozoa,class
1362,corallimorpharia,order,anthozoa,class
1455184,hexanthiniaria,order,anthozoa,class
1460175,kilbuchophyllida,order,anthozoa,class
1363,scleractinia,order,anthozoa,class
607338,zoantharia,order,anthozoa,class
1365,alcyonacea,order,anthozoa,class
266987,helioporacea,order,anthozoa,class
1367,pennatulacea,order,anthozoa,class
1457921,stauriida,order,anthozoa,class
1457932,stereolasmatina,order,anthozoa,class
1457917,auloporida,order,anthozoa,class
1457911,favositida,order,anthozoa,class
1458061,halysitida,order,anthozoa,class
1458034,sarcinulida,order,anthozoa,class
1458062,syringoporida,order,anthozoa,class
591166,colpodellida,order,apicomonadea,class
NA,NA,NA,apicomplexa incertae sedis,class
103353,copelata,order,appendicularia,class
150467,araneae,order,arachnida,class
510080,palpigradi,order,arachnida,class
467668,pseudoscorpionida,order,arachnida,class
762062,sarcoptiformes,order,arachnida,class
182702,trombidiformes,order,arachnida,class
760684,ixodida,order,arachnida,class
150319,mesostigmata,order,arachnida,class
562861,haplosporida,order,ascetosporea,class
1461360,mikrocytida,order,ascetosporea,class
562855,paramyxida,order,ascetosporea,class
103434,aplousobranchia,order,ascidiacea,class
103435,phlebobranchia,order,ascidiacea,class
103436,stolidobranchia,order,ascidiacea,class
123091,velatida,order,asteroidea,class
369151,peripodida,order,asteroidea,class
123085,brisingida,order,asteroidea,class
123086,forcipulatida,order,asteroidea,class
1316475,trichasteropsida,order,asteroidea,class
123089,spinulosida,order,asteroidea,class
123087,notomyotida,order,asteroidea,class
123088,paxillosida,order,asteroidea,class
123090,valvatida,order,asteroidea,class
590473,aurearenales,order,aurearenophyceae,class
2681,anseriformes,order,aves,class
2682,charadriiformes,order,aves,class
148746,ciconiiformes,order,aves,class
158981,coraciiformes,order,aves,class
148793,gaviiformes,order,aves,class
159002,gruiformes,order,aves,class
159384,passeriformes,order,aves,class
2684,pelecaniformes,order,aves,class
196035,phoenicopteriformes,order,aves,class
2685,podicipediformes,order,aves,class
2686,procellariiformes,order,aves,class
196033,sphenisciformes,order,aves,class
1304629,pennales,order,bacillariophyceae,class
599707,stictocyclales,order,bacillariophyceae,class
148987,achnanthales,order,bacillariophyceae,class
149001,bacillariales,order,bacillariophyceae,class
149389,cymbellales,order,bacillariophyceae,class
591187,dictyoneidales,order,bacillariophyceae,class
163680,lyrellales,order,bacillariophyceae,class
157050,mastogloiales,order,bacillariophyceae,class
149015,naviculales,order,bacillariophyceae,class
149024,rhopalodiales,order,bacillariophyceae,class
149005,surirellales,order,bacillariophyceae,class
149198,thalassiophysales,order,bacillariophyceae,class
149400,eunotiales,order,bacillariophyceae,class
160525,anaulales,order,bacillariophyceae,class
148965,biddulphiales,order,bacillariophyceae,class
149234,hemiaulales,order,bacillariophyceae,class
149048,triceratiales,order,bacillariophyceae,class
591198,chaetocerales,order,bacillariophyceae,class
593505,chaetocerotanae incertae sedis,order,bacillariophyceae,class
149036,leptocylindrales,order,bacillariophyceae,class
149107,corethrales,order,bacillariophyceae,class
430067,arachnoidiscales,order,bacillariophyceae,class
162250,asterolamprales,order,bacillariophyceae,class
148957,aulacoseirales,order,bacillariophyceae,class
380896,chrysanthemodiscales,order,bacillariophyceae,class
148915,coscinodiscales,order,bacillariophyceae,class
148938,ethmodiscales,order,bacillariophyceae,class
149040,melosirales,order,bacillariophyceae,class
163295,orthoseirales,order,bacillariophyceae,class
149052,paraliales,order,bacillariophyceae,class
414751,stictodiscales,order,bacillariophyceae,class
149009,cymatosirales,order,bacillariophyceae,class
149020,lithodesmiales,order,bacillariophyceae,class
149067,rhizosoleniales,order,bacillariophyceae,class
148903,thalassiosirales,order,bacillariophyceae,class
163701,ardissoneales,order,bacillariophyceae,class
248079,climacospheniales,order,bacillariophyceae,class
248083,cyclophorales,order,bacillariophyceae,class
148951,fragilariales,order,bacillariophyceae,class
149620,licmophorales,order,bacillariophyceae,class
414747,protoraphidales,order,bacillariophyceae,class
157070,rhabdonematales,order,bacillariophyceae,class
149174,striatellales,order,bacillariophyceae,class
149331,tabellariales,order,bacillariophyceae,class
149090,thalassionematales,order,bacillariophyceae,class
248072,toxariales,order,bacillariophyceae,class
857,bangiales,order,bangiophyceae,class
21292,goniotrichales,order,bangiophyceae,class
590694,placidiida,order,bicoecea,class
591173,anoecida,order,bicoecea,class
591174,bicoecida,order,bicoecea,class
591175,pseudodendromonida,order,bicoecea,class
590488,developayellales,order,bigyromonadea,class
833022,fordillida,order,bivalvia,class
203,nuculanida,order,bivalvia,class
382247,nuculida,order,bivalvia,class
22629,solemyida,order,bivalvia,class
207,arcida,order,bivalvia,class
1777,limida,order,bivalvia,class
833112,myalinida,order,bivalvia,class
210,mytilida,order,bivalvia,class
1774,ostreida,order,bivalvia,class
387324,pectinida,order,bivalvia,class
833261,actinodontida,order,bivalvia,class
382256,carditida,order,bivalvia,class
382254,trigoniida,order,bivalvia,class
160326,unionida,order,bivalvia,class
869601,adapedonta,order,bivalvia,class
869602,cardiida,order,bivalvia,class
1326015,galeommatida,order,bivalvia,class
1326014,gastrochaenida,order,bivalvia,class
833312,hippuritida,order,bivalvia,class
489106,lucinida,order,bivalvia,class
833299,megalodontida,order,bivalvia,class
833292,modiomorphida,order,bivalvia,class
245,myida,order,bivalvia,class
1326016,sphaeriida,order,bivalvia,class
217,venerida,order,bivalvia,class
345467,bolidomonadales,order,bolidophyceae,class
155670,diplostraca,order,branchiopoda,class
426092,bryales,order,bryopsida,class
382468,dicranales,order,bryopsida,class
147484,grimmiales,order,bryopsida,class
147483,pottiales,order,bryopsida,class
164161,baerida,order,calcarea,class
131591,leucosolenida,order,calcarea,class
131592,lithonida,order,calcarea,class
131593,clathrinida,order,calcarea,class
164792,murrayonida,order,calcarea,class
2088,chaetodermatida,order,caudofoveata,class
341275,centrohelida,order,centrohelea,class
NA,NA,NA,cephalaspidomorphi,class
238273,brachypoda,order,cephalocarida,class
153046,nautilida,order,cephalopoda,class
1374984,orthocerida,order,cephalopoda,class
1454589,bathyteuthida,order,cephalopoda,class
1454586,idiosepida,order,cephalopoda,class
11728,myopsida,order,cephalopoda,class
11730,oegopsida,order,cephalopoda,class
11713,sepiida,order,cephalopoda,class
157034,spirulida,order,cephalopoda,class
11718,octopoda,order,cephalopoda,class
11717,vampyromorpha,order,cephalopoda,class
104911,amphilinidea,order,cestoda,class
104910,gyrocotylidea,order,cestoda,class
515785,bothriocephalidea,order,cestoda,class
104912,caryophyllidea,order,cestoda,class
414958,cathetocephalidea,order,cestoda,class
104913,cyclophyllidea,order,cestoda,class
104914,diphyllidea,order,cestoda,class
515793,diphyllobothriidea,order,cestoda,class
104916,lecanicephalidea,order,cestoda,class
515784,litobothriidea,order,cestoda,class
835832,onchoproteocephalidea,order,cestoda,class
835865,phyllobothriidea,order,cestoda,class
515786,rhinebothriidea,order,cestoda,class
104919,spathebothriidea,order,cestoda,class
104920,tetrabothriidea,order,cestoda,class
104921,tetraphyllidea,order,cestoda,class
104922,trypanorhyncha,order,cestoda,class
179048,charales,order,charophyceae,class
105472,geophilomorpha,order,chilopoda,class
394572,lithobiomorpha,order,chilopoda,class
394581,scolopendromorpha,order,chilopoda,class
590918,chlorachniida,order,chlorarachnea,class
17666,chlorodendrales,order,chlorodendrophyceae,class
803,acrosiphoniales,order,chlorophyceae,class
22964,caulerpales,order,chlorophyceae,class
368680,chaetopeltidales,order,chlorophyceae,class
18608,chaetophorales,order,chlorophyceae,class
732333,chlamydomonadales,order,chlorophyceae,class
21243,chlorocystidales,order,chlorophyceae,class
577868,chlorophyceae incertae sedis,order,chlorophyceae,class
22965,codiales,order,chlorophyceae,class
599636,dunaliellales,order,chlorophyceae,class
577721,oedogoniales,order,chlorophyceae,class
21875,phaeophilales,order,chlorophyceae,class
558965,sphaeropleales,order,chlorophyceae,class
18537,tetrasporales,order,chlorophyceae,class
18526,volvocales,order,chlorophyceae,class
NA,NA,NA,chlorophyta incertae sedis,class
231698,araeolaimida,order,chromadorea,class
2138,chromadorida,order,chromadorea,class
458796,desmodorida,order,chromadorea,class
458798,desmoscolecida,order,chromadorea,class
2139,monhysterida,order,chromadorea,class
458811,plectida,order,chromadorea,class
2143,rhabditida,order,chromadorea,class
22820,strongylida,order,chromadorea,class
590463,chrysomeridales,order,chrysomerophyceae,class
1359029,chrysoparadoxales,order,chrysoparadoxophyceae,class
573911,chloramoebales,order,chrysophyceae,class
248107,chromulinales,order,chrysophyceae,class
172420,chrysophyceae incertae sedis,order,chrysophyceae,class
456711,heterogloeales,order,chrysophyceae,class
572044,hibberdiales,order,chrysophyceae,class
341336,parmales,order,chrysophyceae,class
591204,thallochrysidales,order,chrysophyceae,class
475488,capilloventrida,order,clitellata,class
468018,crassiclitellata,order,clitellata,class
468017,enchytraeida,order,clitellata,class
2118,haplotaxida,order,clitellata,class
177531,lumbriculida,order,clitellata,class
468016,oligochaeta incertae sedis,order,clitellata,class
160002,arhynchobdellida,order,clitellata,class
2117,rhynchobdellida,order,clitellata,class
163510,coelacanthiformes,order,coelacanthi,class
NA,NA,NA,collembola,class
425416,colpodea incertae sedis,order,colpodea,class
414709,colpodida,order,colpodea,class
414710,cyrtolophosidida,order,colpodea,class
22966,compsopogonales,order,compsopogonophyceae,class
146320,erythropeltales,order,compsopogonophyceae,class
22973,rhodochaetales,order,compsopogonophyceae,class
886288,desmidiales,order,conjugatophyceae,class
562795,agamococcidiorida,order,conoidasida,class
394012,eucoccidiorida,order,conoidasida,class
562801,protococcidiorida,order,conoidasida,class
562674,archigregarinorida,order,conoidasida,class
394869,eugregarinorida,order,conoidasida,class
104021,craniida,order,craniata,class
123093,comatulida,order,crinoidea,class
340798,cyrtocrinida,order,crinoidea,class
484684,encrinida,order,crinoidea,class
246674,hyocrinida,order,crinoidea,class
123095,isocrinida,order,crinoidea,class
123096,millericrinida,order,crinoidea,class
17640,cryptomonadales,order,cryptophyceae,class
22707,cryptophyceae incertae sedis,order,cryptophyceae,class
20997,pyrenomonadales,order,cryptophyceae,class
NA,NA,NA,cryptophyta incertae sedis,class
394974,carybdeida,order,cubozoa,class
266989,chirodropida,order,cubozoa,class
1433255,echinorhagata,order,cyclorhagida,class
1433257,kentrorhagata,order,cyclorhagida,class
1433258,xenosomata,order,cyclorhagida,class
167282,demospongiae incertae sedis,order,demospongiae,class
164813,agelasida,order,demospongiae,class
163084,axinellida,order,demospongiae,class
736911,biemnida,order,demospongiae,class
845473,bubarida,order,demospongiae,class
845506,clionaida,order,demospongiae,class
845474,desmacellida,order,demospongiae,class
131598,haplosclerida,order,demospongiae,class
845483,heteroscleromorpha incertae sedis,order,demospongiae,class
845502,merliida,order,demospongiae,class
131599,poecilosclerida,order,demospongiae,class
845494,polymastiida,order,demospongiae,class
845472,scopalinida,order,demospongiae,class
845457,sphaerocladina,order,demospongiae,class
845509,suberitida,order,demospongiae,class
845507,tethyida,order,demospongiae,class
597812,tetractinellida,order,demospongiae,class
845508,trachycladida,order,demospongiae,class
131594,dendroceratida,order,demospongiae,class
131595,dictyoceratida,order,demospongiae,class
736910,chondrillida,order,demospongiae,class
845324,chondrosiida,order,demospongiae,class
845402,verongiida,order,demospongiae,class
157256,dictyochales,order,dictyochophyceae,class
599747,dictyochophyceae incertae sedis,order,dictyochophyceae,class
368683,florenciellales,order,dictyochophyceae,class
178596,rhizochromulinales,order,dictyochophyceae,class
345508,pinguiochrysidales,order,dictyochophyceae,class
160597,pedinellales,order,dictyochophyceae,class
231760,actiniscales,order,dinophyceae,class
1308688,amphidiniales,order,dinophyceae,class
744375,amphilothales,order,dinophyceae,class
109386,blastodiniales,order,dinophyceae,class
231767,brachidiniales,order,dinophyceae,class
493844,coccidiniales,order,dinophyceae,class
109390,dinophysiales,order,dinophyceae,class
1308692,gloeodiniales,order,dinophyceae,class
109391,gonyaulacales,order,dinophyceae,class
109392,gymnodiniales,order,dinophyceae,class
368684,lophodiniales,order,dinophyceae,class
109393,noctilucales,order,dinophyceae,class
146254,oxyrrhinales,order,dinophyceae,class
109394,peridiniales,order,dinophyceae,class
109395,phytodiniales,order,dinophyceae,class
109396,prorocentrales,order,dinophyceae,class
109398,pyrocystales,order,dinophyceae,class
109399,suessiales,order,dinophyceae,class
146213,syndiniales,order,dinophyceae,class
231814,thoracosphaerales,order,dinophyceae,class
1368612,torodiniales,order,dinophyceae,class
1306576,tovelliales,order,dinophyceae,class
123099,cidaroida,order,echinoidea,class
559483,triadotiaroida,order,echinoidea,class
160732,echinothurioida,order,echinoidea,class
510515,aspidodiadematoida,order,echinoidea,class
510522,diadematoida,order,echinoidea,class
510528,micropygoida,order,echinoidea,class
123103,pedinoida,order,echinoidea,class
510525,echinoneoida,order,echinoidea,class
196233,holectypoida,order,echinoidea,class
196249,phymosomatoida,order,echinoidea,class
123105,salenioida,order,echinoidea,class
123097,arbacioida,order,echinoidea,class
510518,camarodonta,order,echinoidea,class
510530,stomopneustoida,order,echinoidea,class
160733,holasteroida,order,echinoidea,class
123106,spatangoida,order,echinoidea,class
123098,cassiduloida,order,echinoidea,class
123100,clypeasteroida,order,echinoidea,class
510523,echinolampadoida,order,echinoidea,class
1042840,rhinopristiformes,order,elasmobranchii,class
196069,myliobatiformes,order,elasmobranchii,class
10214,pristiformes,order,elasmobranchii,class
10216,rajiformes,order,elasmobranchii,class
10215,torpediniformes,order,elasmobranchii,class
10210,carcharhiniformes,order,elasmobranchii,class
148801,heterodontiformes,order,elasmobranchii,class
10209,lamniformes,order,elasmobranchii,class
10208,orectolobiformes,order,elasmobranchii,class
10206,hexanchiformes,order,elasmobranchii,class
148803,pristiophoriformes,order,elasmobranchii,class
10211,squaliformes,order,elasmobranchii,class
10213,squatiniformes,order,elasmobranchii,class
562625,ellobiopsida,order,ellobiopsea,class
2140,dorylaimida,order,enoplea,class
834585,marimermithida,order,enoplea,class
391378,mermithida,order,enoplea,class
834679,trichinellida,order,enoplea,class
2141,enoplida,order,enoplea,class
834431,triplonchida,order,enoplea,class
20301,gyracanthocephala,order,eoacanthocephala,class
20345,neoechinorhynchida,order,eoacanthocephala,class
106405,symbiida,order,eucycliophora,class
22621,collothecaceae,order,eurotatoria,class
17931,flosculariaceae,order,eurotatoria,class
17904,ploima,order,eurotatoria,class
368685,eustigmatales,order,eustigmatophyceae,class
342524,apochela,order,eutardigrada,class
342486,parachela,order,eutardigrada,class
493888,florideophyceae incertae sedis,order,florideophyceae,class
599695,rhodachlyales,order,florideophyceae,class
146312,ahnfeltiales,order,florideophyceae,class
368695,pihiellales,order,florideophyceae,class
886254,sphorolithales,order,florideophyceae,class
15308,corallinales,order,florideophyceae,class
1306465,hapalidiales,order,florideophyceae,class
368688,rhodogorgonales,order,florideophyceae,class
1306052,sporolithales,order,florideophyceae,class
146316,hildenbrandiales,order,florideophyceae,class
146311,acrochaetiales,order,florideophyceae,class
493829,balbianiales,order,florideophyceae,class
368692,balliales,order,florideophyceae,class
368693,batrachospermales,order,florideophyceae,class
172843,colaconematales,order,florideophyceae,class
836376,entwisleiales,order,florideophyceae,class
21305,nemaliales,order,florideophyceae,class
878,palmariales,order,florideophyceae,class
381050,thoreales,order,florideophyceae,class
368691,acrosymphytales,order,florideophyceae,class
1309279,atractophorales,order,florideophyceae,class
146314,bonnemaisoniales,order,florideophyceae,class
860,ceramiales,order,florideophyceae,class
146315,gelidiales,order,florideophyceae,class
871,gigartinales,order,florideophyceae,class
876,gracilariales,order,florideophyceae,class
162592,halymeniales,order,florideophyceae,class
368694,nemastomatales,order,florideophyceae,class
493830,peyssonneliales,order,florideophyceae,class
146317,plocamiales,order,florideophyceae,class
15241,rhodymeniales,order,florideophyceae,class
368696,sebdeniales,order,florideophyceae,class
1048160,archaediscida,order,fusulinata,class
1048161,earlandiida,order,fusulinata,class
1048159,parathuramminida,order,fusulinata,class
1052719,pseudopalmulida,order,fusulinata,class
1048164,endothyrida,order,fusulinata,class
592502,fusulinida,order,fusulinata,class
382213,littorinimorpha,order,gastropoda,class
146,neogastropoda,order,gastropoda,class
156482,cocculinida,order,gastropoda,class
579262,neomphalida,order,gastropoda,class
1054475,cycloneritida,order,gastropoda,class
1054472,cyrtoneritida,order,gastropoda,class
1052447,lepetellida,order,gastropoda,class
1052445,pleurotomariida,order,gastropoda,class
1052446,seguenziida,order,gastropoda,class
1052448,trochida,order,gastropoda,class
1058953,aplysiida,order,gastropoda,class
154,cephalaspidea,order,gastropoda,class
325345,pteropoda,order,gastropoda,class
1059014,runcinida,order,gastropoda,class
181509,tectibranchiata,order,gastropoda,class
382227,umbraculida,order,gastropoda,class
1762,nudibranchia,order,gastropoda,class
1059020,pleurobranchida,order,gastropoda,class
1057430,ellobiida,order,gastropoda,class
1772,systellommatophora,order,gastropoda,class
1057459,siphonariida,order,gastropoda,class
414701,carterinida,order,globothalamea,class
465808,robertinida,order,globothalamea,class
163158,rotaliida,order,globothalamea,class
414702,lituolida,order,globothalamea,class
414704,loftusiida,order,globothalamea,class
163159,textulariida,order,globothalamea,class
22578,goniomonadales,order,goniomonadophyceae,class
591240,cryptofilida,order,granofilosea,class
591241,desmothoracida,order,granofilosea,class
590927,leucodictyida,order,granofilosea,class
591243,limnofilida,order,granofilosea,class
579866,camaroidea,order,graptolithoidea,class
579850,cephalodiscoidea,order,graptolithoidea,class
579865,crustoidea,order,graptolithoidea,class
579869,dithecoidea,order,graptolithoidea,class
579857,rhabdopleuroidea,order,graptolithoidea,class
579868,stolonoidea,order,graptolithoidea,class
579867,tuboidea,order,graptolithoidea,class
591231,gromiida,order,gromiidea,class
110722,cheilostomatida,order,gymnolaemata,class
110723,ctenostomatida,order,gymnolaemata,class
NA,NA,NA,haptophyta incertae sedis,class
NA,NA,NA,heliozoa incertae sedis,class
342525,arthrotardigrada,order,heterotardigrada,class
342526,echiniscoidea,order,heterotardigrada,class
1403,heterotrichida,order,heterotrichea,class
160632,amphidiscosida,order,hexactinellida,class
987038,hexasterophora incertae sedis,order,hexactinellida,class
171819,lychniscosida,order,hexactinellida,class
171834,lyssacinosida,order,hexactinellida,class
605841,sceptrulophora,order,hexactinellida,class
22605,platycopioida,order,hexanauplia,class
103948,dendrogastrida,order,hexanauplia,class
103949,laurida,order,hexanauplia,class
1100,calanoida,order,hexanauplia,class
1035042,canuelloida,order,hexanauplia,class
1101,cyclopoida,order,hexanauplia,class
1102,harpacticoida,order,hexanauplia,class
22597,misophrioida,order,hexanauplia,class
1106,monstrilloida,order,hexanauplia,class
22598,mormonilloida,order,hexanauplia,class
1104,siphonostomatoida,order,hexanauplia,class
445275,cryptophialida,order,hexanauplia,class
438970,lithoglyptida,order,hexanauplia,class
534762,cyprilepadiformes,order,hexanauplia,class
391622,ibliformes,order,hexanauplia,class
534761,lepadiformes,order,hexanauplia,class
534760,scalpelliformes,order,hexanauplia,class
106033,sessilia,order,hexanauplia,class
1422384,archaeolepadomorpha,order,hexanauplia,class
1422350,calanticomorpha,order,hexanauplia,class
1422322,pollicipedomorpha,order,hexanauplia,class
10217,chimaeriformes,order,holocephali,class
123111,dendrochirotida,order,holothuroidea,class
123112,elasipodida,order,holothuroidea,class
1036233,holothuriida,order,holothuroidea,class
715684,molpadida,order,holothuroidea,class
1036230,persiculida,order,holothuroidea,class
1036229,synallactida,order,holothuroidea,class
1328160,arthrochirotida,order,holothuroidea,class
123108,apodida,order,holothuroidea,class
131601,homosclerophorida,order,homoscleromorpha,class
122303,monostilifera,order,hoplonemertea,class
122304,polystilifera,order,hoplonemertea,class
13551,anthoathecata,order,hydrozoa,class
13552,leptothecata,order,hydrozoa,class
1371,siphonophorae,order,hydrozoa,class
22755,actinulida,order,hydrozoa,class
1370,limnomedusae,order,hydrozoa,class
16349,narcomedusae,order,hydrozoa,class
16350,trachymedusae,order,hydrozoa,class
767376,arguloida,order,ichthyostraca,class
22604,cephalobaenida,order,ichthyostraca,class
384709,porocephalida,order,ichthyostraca,class
730050,raillietiellida,order,ichthyostraca,class
730051,reighardiida,order,ichthyostraca,class
22624,euglyphida,order,imbricatea,class
591248,marimonadida,order,imbricatea,class
591250,thaumatomonadida,order,imbricatea,class
118084,archaeognatha,order,insecta,class
118085,coleoptera,order,insecta,class
118087,dermaptera,order,insecta,class
118088,diptera,order,insecta,class
118089,hemiptera,order,insecta,class
404096,odonata,order,insecta,class
426331,orthoptera,order,insecta,class
160281,phthiraptera,order,insecta,class
380393,thysanoptera,order,insecta,class
160252,trichoptera,order,insecta,class
414964,karyorelictea incertae sedis,order,karyorelictea,class
425522,loxodida,order,karyorelictea,class
425523,protoheterotrichida,order,karyorelictea,class
164020,protostomatida,order,karyorelictea,class
NA,NA,NA,khakista incertae sedis,class
22970,klebsormidiales,order,klebsormidiophyceae,class
591177,labyrinthulida,order,labyrinthulea,class
591176,thraustochytrida,order,labyrinthulea,class
NA,NA,NA,leptocardii,class
235155,lingulida,order,lingulata,class
991168,siphonotretida,order,lingulata,class
292893,cyclotrichiida,order,litostomatea,class
163057,haptorida,order,litostomatea,class
163060,pleurostomatida,order,litostomatea,class
425423,vestibuliferida,order,litostomatea,class
NA,NA,NA,machaeridia,class
414686,apiales,order,magnoliopsida,class
234044,asterales,order,magnoliopsida,class
886392,boraginales,order,magnoliopsida,class
413965,ericales,order,magnoliopsida,class
414689,gentianales,order,magnoliopsida,class
234498,lamiales,order,magnoliopsida,class
414688,solanales,order,magnoliopsida,class
196217,caryophyllales,order,magnoliopsida,class
394604,ceratophyllales,order,magnoliopsida,class
153491,alismatales,order,magnoliopsida,class
234448,arecales,order,magnoliopsida,class
234035,poales,order,magnoliopsida,class
416213,ranunculales,order,magnoliopsida,class
382436,brassicales,order,magnoliopsida,class
414694,celastrales,order,magnoliopsida,class
413964,malpighiales,order,magnoliopsida,class
234499,malvales,order,magnoliopsida,class
234500,myrtales,order,magnoliopsida,class
234502,sapindales,order,magnoliopsida,class
414697,saxifragales,order,magnoliopsida,class
14355,stomatopoda,order,malacostraca,class
607428,archaeostraca,order,malacostraca,class
852034,canadaspidida,order,malacostraca,class
852033,hymenostraca,order,malacostraca,class
146996,leptostraca,order,malacostraca,class
1130,decapoda,order,malacostraca,class
1128,euphausiacea,order,malacostraca,class
1135,amphipoda,order,malacostraca,class
391550,bochusacea,order,malacostraca,class
1137,cumacea,order,malacostraca,class
1055787,ingolfiellida,order,malacostraca,class
1131,isopoda,order,malacostraca,class
149669,lophogastrida,order,malacostraca,class
149673,mictacea,order,malacostraca,class
149668,mysida,order,malacostraca,class
477254,pygocephalomorpha,order,malacostraca,class
596587,stygiomysida,order,malacostraca,class
1133,tanaidacea,order,malacostraca,class
1139,thermosbaenacea,order,malacostraca,class
149671,bathynellacea,order,malacostraca,class
1417826,palaeocaridacea,order,malacostraca,class
493836,dolichomastigales,order,mamiellophyceae,class
17662,mamiellales,order,mamiellophyceae,class
886270,monomastigales,order,mamiellophyceae,class
1451682,didelphimorphia,order,mammalia,class
2687,carnivora,order,mammalia,class
370511,cetartiodactyla,order,mammalia,class
404079,rodentia,order,mammalia,class
159502,sirenia,order,mammalia,class
150509,xiphosurida,order,merostomata,class
591244,metopiida,order,metromonadea,class
872109,metromonadea incertae sedis,order,metromonadea,class
591245,metromonadida,order,metromonadea,class
517896,capsalidea,order,monogenea,class
517897,dactylogyridea,order,monogenea,class
517898,gyrodactylidea,order,monogenea,class
517899,monocotylidea,order,monogenea,class
518763,montchadskyellidea,order,monogenea,class
518774,chimaericolidea,order,monogenea,class
518775,diclybothriidea,order,monogenea,class
390779,mazocraeidea,order,monogenea,class
562121,polystomatidea,order,monogenea,class
1425762,cyrtonellida,order,monoplacophora,class
1425760,sinuitopsida,order,monoplacophora,class
23079,tryblidiida,order,monoplacophora,class
163155,allogromiida,order,monothalamea,class
394016,astrorhizida,order,monothalamea,class
10197,myxiniformes,order,myxini,class
120239,bivalvulida,order,myxozoa,class
120240,multivalvulida,order,myxozoa,class
425426,microthoracida,order,nassophorea,class
162988,nassulida,order,nassophorea,class
162989,synhymeniida,order,nassophorea,class
368697,nephroselmidales,order,nephroselmidophyceae,class
1381554,delosinida,order,nodosariata,class
162591,lagenida,order,nodosariata,class
1381549,nodosariida,order,nodosariata,class
1381427,polymorphinida,order,nodosariata,class
1381552,vaginulinida,order,nodosariata,class
590588,actinophryida,order,nucleohelea,class
1261,beroida,order,nuda,class
162985,apostomatida,order,oligohymenophorea,class
425434,astomatophorida,order,oligohymenophorea,class
425435,pilisuctorida,order,oligohymenophorea,class
163011,astomatida,order,oligohymenophorea,class
425440,ophryoglenida,order,oligohymenophorea,class
425441,tetrahymenida,order,oligohymenophorea,class
414714,peniculida,order,oligohymenophorea,class
232070,mobilida,order,oligohymenophorea,class
414711,sessilida,order,oligohymenophorea,class
341292,philasterida,order,oligohymenophorea,class
341331,pleuronematida,order,oligohymenophorea,class
414713,thigmotrichida,order,oligohymenophorea,class
582435,halteriida,order,oligotrichea,class
341353,choreotrichida,order,oligotrichea,class
595083,oligotrichida,order,oligotrichea,class
425510,strombidiida,order,oligotrichea,class
NA,NA,NA,oomycota incertae sedis,class
146189,ophiuroidea incertae sedis,order,ophiuroidea,class
242196,euryalida,order,ophiuroidea,class
123117,ophiurida,order,ophiuroidea,class
1062666,amphilepidida,order,ophiuroidea,class
1062662,ophiacanthida,order,ophiuroidea,class
1062665,ophioleucida,order,ophiuroidea,class
1062661,ophioscolecida,order,ophiuroidea,class
155957,halocyprida,order,ostracoda,class
2104,myodocopida,order,ostracoda,class
459454,palaeocopida,order,ostracoda,class
715689,platycopina,order,ostracoda,class
715683,metacopida,order,ostracoda,class
1091,podocopida,order,ostracoda,class
1416973,punciocopida,order,ostracoda,class
877107,leiocopida,order,ostracoda,class
20286,echinorhynchida,order,palaeacanthocephala,class
20306,polymorphida,order,palaeacanthocephala,class
1451612,archinemertea,order,palaeonemertea,class
1451615,carinomiformes,order,palaeonemertea,class
1451609,tubulaniformes,order,palaeonemertea,class
368539,seisonacea,order,pararotatoria,class
384688,tetramerocerata,order,pauropoda,class
249729,pavlovales,order,pavlovophyceae,class
886261,marsupiomonadales,order,pedinophyceae,class
146219,pedinomonadales,order,pedinophyceae,class
368698,scourfieldiales,order,pedinophyceae,class
345501,pelagomonadales,order,pelagophyceae,class
157466,sarcinochrysidales,order,pelagophyceae,class
591147,dinamoebida,order,peridinea,class
591142,perkinsida,order,perkinsea,class
345477,lagenismatales,order,peronosporea,class
172255,myzocytiopsidales,order,peronosporea,class
172254,olpidiopsidales,order,peronosporea,class
162947,peronosporales,order,peronosporea,class
172231,leptomitales,order,peronosporea,class
172236,pythiales,order,peronosporea,class
22155,saprolegniales,order,peronosporea,class
10201,petromyzontiformes,order,petromyzonti,class
325412,ascoseirales,order,phaeophyceae,class
599589,asterocladales,order,phaeophyceae,class
368699,choristocarpales,order,phaeophyceae,class
22968,cutleriales,order,phaeophyceae,class
21237,desmarestiales,order,phaeophyceae,class
836,dictyosiphonales,order,phaeophyceae,class
493825,discosporangiales,order,phaeophyceae,class
842,ectocarpales,order,phaeophyceae,class
368700,ishigeales,order,phaeophyceae,class
845,laminariales,order,phaeophyceae,class
368701,nemodermatales,order,phaeophyceae,class
368702,onslowiales,order,phaeophyceae,class
368704,phaeothamniales,order,phaeophyceae,class
163325,ralfsiales,order,phaeophyceae,class
850,scytosiphonales,order,phaeophyceae,class
368703,scytothamnales,order,phaeophyceae,class
22976,sporochnales,order,phaeophyceae,class
22977,syringodermatales,order,phaeophyceae,class
22978,tilopteridales,order,phaeophyceae,class
839,dictyotales,order,phaeophyceae,class
1028,sphacelariales,order,phaeophyceae,class
844,fucales,order,phaeophyceae,class
NA,NA,NA,phaeothamniophyceae,class
1383,aspidosiphonida,order,phascolosomatidea,class
1384,phascolosomatida,order,phascolosomatidea,class
105932,cryptogemmida,order,phyllopharyngea,class
105933,exogemmida,order,phyllopharyngea,class
341307,chlamydodontida,order,phyllopharyngea,class
425464,dysteriida,order,phyllopharyngea,class
425467,hypocomatida,order,phyllopharyngea,class
1395,rhynchodida,order,phyllopharyngea,class
414705,endogenida,order,phyllopharyngea,class
425474,evaginogenida,order,phyllopharyngea,class
341326,exogenida,order,phyllopharyngea,class
557123,suctoria incertae sedis,order,phyllopharyngea,class
889995,phytomyxea incertae sedis,order,phytomyxea,class
591233,plasmodiophorida,order,phytomyxea,class
591207,chlamydomyxales,order,picophagea,class
590436,picophagales,order,picophagea,class
122305,heteronemertea,order,pilidiophora,class
1451616,hubrechtiiformes,order,pilidiophora,class
414718,plagiopylida,order,plagiopylea,class
368705,pleurastrales,order,pleurastrophyceae,class
110342,echiuroidea,order,polychaeta,class
893,amphinomida,order,polychaeta,class
895,eunicida,order,polychaeta,class
892,phyllodocida,order,polychaeta,class
901,sabellida,order,polychaeta,class
889,spionida,order,polychaeta,class
900,terebellida,order,polychaeta,class
863399,collodaria,order,polycystina,class
235741,nassellaria,order,polycystina,class
345835,spumellaria,order,polycystina,class
382003,chitonida,order,polyplacophora,class
58,lepidopleurida,order,polyplacophora,class
1353695,chelodida,order,polyplacophora,class
1353707,septemchitonida,order,polyplacophora,class
234486,polypodiales,order,polypodiopsida,class
15324,porphyridiales,order,porphyridiophyceae,class
172812,halosphaerales,order,prasinophyceae,class
599687,prasinophyceae incertae sedis,order,prasinophyceae,class
425488,prorodontida,order,prostomatea,class
163062,prostomatida,order,prostomatea,class
NA,NA,NA,protalveolata incertae sedis,class
178849,aconchulinida,order,proteomyxidea,class
591235,reticulosida,order,proteomyxidea,class
493821,coccolithales,order,prymnesiophyceae,class
115059,coccosphaerales,order,prymnesiophyceae,class
115060,isochrysidales,order,prymnesiophyceae,class
577970,phaeocystales,order,prymnesiophyceae,class
115061,prymnesiales,order,prymnesiophyceae,class
115062,prymnesiophyceae incertae sedis,order,prymnesiophyceae,class
493820,syracosphaerales,order,prymnesiophyceae,class
236094,zygodiscales,order,prymnesiophyceae,class
379596,nectopantopoda,order,pycnogonida,class
379588,palaeoisopoda,order,pycnogonida,class
379592,palaeopantopoda,order,pycnogonida,class
1358,pantopoda,order,pycnogonida,class
599682,palmophyllales,order,pyramimonadophyceae,class
368706,prasinococcales,order,pyramimonadophyceae,class
368707,pseudoscourfieldiales,order,pyramimonadophyceae,class
17330,pyramimonadales,order,pyramimonadophyceae,class
NA,NA,NA,radiozoa incertae sedis,class
160582,chattonellales,order,raphidophyceae,class
1293739,commatiida,order,raphidophyceae,class
150303,enantiopoda,order,remipedia,class
134754,nectiopoda,order,remipedia,class
342630,crocodylia,order,reptilia,class
380398,plesiosauria,order,reptilia,class
342632,sauria,order,reptilia,class
196109,squamata,order,reptilia,class
2689,testudines,order,reptilia,class
493833,dixoniellales,order,rhodellophyceae,class
493834,rhodellales,order,rhodellophyceae,class
NA,NA,NA,rhodophyta incertae sedis,class
14223,heterocyemida,order,rhombozoa,class
104022,rhynchonellida,order,rhynchonellata,class
104023,terebratulida,order,rhynchonellata,class
235199,thecideida,order,rhynchonellata,class
1455141,conocardiida,order,rostroconchia,class
5950,aphragmophora,order,sagittoidea,class
5951,phragmophora,order,sagittoidea,class
591246,cercomonadida,order,sarcomonadea,class
590939,glissomonadida,order,sarcomonadea,class
591247,pansomonadida,order,sarcomonadea,class
200,dentaliida,order,scaphopoda,class
432,gadilida,order,scaphopoda,class
393293,schizocladiales,order,schizocladiophyceae,class
NA,NA,NA,scleroctenophora,class
851649,coronatae,order,scyphozoa,class
135224,rhizostomeae,order,scyphozoa,class
135225,semaeostomeae,order,scyphozoa,class
1385,golfingiida,order,sipunculidea,class
341297,euplotida,order,spirotrichea,class
425506,hypotrichia incertae sedis,order,spirotrichea,class
414716,kiitrichida,order,spirotrichea,class
425508,licnophorida,order,spirotrichea,class
414995,protocruziida,order,spirotrichea,class
414720,sporadotrichida,order,spirotrichea,class
425514,stichotrichia incertae sedis,order,spirotrichea,class
414715,stichotrichida,order,spirotrichea,class
341320,urostylida,order,spirotrichea,class
NA,NA,NA,sporozoa incertae sedis,class
380369,conulatae,order,staurozoa,class
135226,stauromedusae,order,staurozoa,class
467951,cryptostomida,order,stenolaemata,class
110724,cyclostomatida,order,stenolaemata,class
467947,cystoporida,order,stenolaemata,class
1371537,esthonioporata,order,stenolaemata,class
467944,fenestrida,order,stenolaemata,class
1371498,melicerititida,order,stenolaemata,class
1379068,stenolaemata incertae sedis,order,stenolaemata,class
467937,trepostomatida,order,stenolaemata,class
235737,sticholonchida,order,sticholonchea,class
591257,taxopodida,order,sticholonchea,class
368708,stylonematales,order,stylonematophyceae,class
NA,NA,NA,symphyla,class
590429,synchromales,order,synchromophyceae,class
582427,telonemida,order,telonemea,class
559342,cambojiida,order,tentaculata,class
22584,cestida,order,tentaculata,class
559345,cryptolobiferida,order,tentaculata,class
1251,cydippida,order,tentaculata,class
264854,ganeshida,order,tentaculata,class
1258,lobata,order,tentaculata,class
22585,platyctenida,order,tentaculata,class
559297,tentaculata incertae sedis,order,tentaculata,class
238008,thalassocalycida,order,tentaculata,class
137212,doliolida,order,thaliacea,class
137213,pyrosomatida,order,thaliacea,class
137214,salpida,order,thaliacea,class
591251,cryomonadida,order,thecofilosea,class
591252,ebriida,order,thecofilosea,class
872100,thecofilosea incertae sedis,order,thecofilosea,class
591254,ventricleftida,order,thecofilosea,class
367363,phaeocalpida,order,thecofilosea,class
367356,phaeocystida,order,thecofilosea,class
712006,phaeodaria incertae sedis,order,thecofilosea,class
367371,phaeodendrida,order,thecofilosea,class
345869,phaeogromida,order,thecofilosea,class
367359,phaeosphaerida,order,thecofilosea,class
591253,tectofilosida,order,thecofilosea,class
160574,chlorellales,order,trebouxiophyceae,class
160586,microthamniales,order,trebouxiophyceae,class
599685,phyllosiphonales,order,trebouxiophyceae,class
820,prasiolales,order,trebouxiophyceae,class
576703,trebouxiophyceae ordo incertae sedis,order,trebouxiophyceae,class
103974,aspidogastrida,order,trematoda,class
103975,stichocotylida,order,trematoda,class
468882,diplostomida,order,trematoda,class
108402,plagiorchiida,order,trematoda,class
NA,NA,NA,trilobita,class
163156,miliolida,order,tubothalamea,class
162590,spirillinida,order,tubothalamea,class
808,bryopsidales,order,ulvophyceae,class
813,cladophorales,order,ulvophyceae,class
325414,codiolales,order,ulvophyceae,class
18815,dasycladales,order,ulvophyceae,class
493838,oltmannsiellopsidales,order,ulvophyceae,class
886265,scotinosphaerales,order,ulvophyceae,class
22974,siphonocladales,order,ulvophyceae,class
422888,trentepohliales,order,ulvophyceae,class
824,ulotrichales,order,ulvophyceae,class
827,ulvales,order,ulvophyceae,class
115058,mischococcales,order,xanthophyceae,class
368709,rhizochloridales,order,xanthophyceae,class
577610,tribonematales,order,xanthophyceae,class
21627,vaucheriales,order,xanthophyceae,class
345556,xanthophyceae incertae sedis,order,xanthophyceae,class
391063,lottioidea,order,gastropoda,class
156481,patelloidea,order,gastropoda,class
