am_sid,area_km2,mean_chi
Chn-9e100c7f-ed38-4571-9d2a-678f6d9068c8,NA,NA
Fis-112285,NA,NA
Fis-112294,NA,NA
Fis-112299,NA,NA
Fis-112306,NA,NA
Fis-112355,NA,NA
Fis-112385,NA,NA
Fis-112388,NA,NA
Fis-112455,NA,NA
Fis-112457,NA,NA
Fis-112507,NA,NA
Fis-112772,NA,NA
Fis-112796,NA,NA
Fis-112797,NA,NA
Fis-112801,NA,NA
Fis-112804,NA,NA
Fis-112843,NA,NA
Fis-112900,NA,NA
Fis-112946,NA,NA
Fis-112980,NA,NA
Fis-113003,NA,NA
Fis-113005,NA,NA
Fis-113007,NA,NA
Fis-113074,NA,NA
Fis-113082,NA,NA
Fis-113108,NA,NA
Fis-113146,NA,NA
Fis-113168,NA,NA
Fis-113184,NA,NA
Fis-113245,NA,NA
Fis-113258,NA,NA
Fis-113283,NA,NA
Fis-113287,NA,NA
Fis-113290,NA,NA
Fis-113302,NA,NA
Fis-113320,NA,NA
Fis-113380,NA,NA
Fis-113394,NA,NA
Fis-113435,NA,NA
Fis-113449,NA,NA
Fis-113466,NA,NA
Fis-113469,NA,NA
Fis-113542,NA,NA
Fis-113599,NA,NA
Fis-113623,NA,NA
Fis-113736,NA,NA
Fis-113740,NA,NA
Fis-113802,NA,NA
Fis-113842,NA,NA
Fis-114100,NA,NA
Fis-114103,NA,NA
Fis-114108,NA,NA
Fis-114113,NA,NA
Fis-114172,NA,NA
Fis-114213,NA,NA
Fis-114245,NA,NA
Fis-114246,NA,NA
Fis-114576,NA,NA
Fis-114756,NA,NA
Fis-115419,NA,NA
Fis-115790,NA,NA
Fis-115864,NA,NA
Fis-116714,NA,NA
Fis-118283,NA,NA
Fis-121619,NA,NA
Fis-121644,NA,NA
Fis-123146,NA,NA
Fis-123164,NA,NA
Fis-123220,NA,NA
Fis-123376,NA,NA
Fis-123550,NA,NA
Fis-124120,NA,NA
Fis-124148,NA,NA
Fis-124366,NA,NA
Fis-125742,NA,NA
Fis-125747,NA,NA
Fis-125760,NA,NA
Fis-125762,NA,NA
Fis-125770,NA,NA
Fis-125773,NA,NA
Fis-125783,NA,NA
Fis-125785,NA,NA
Fis-125786,NA,NA
Fis-125906,NA,NA
Fis-125968,NA,NA
Fis-125999,NA,NA
Fis-126144,NA,NA
Fis-126268,NA,NA
Fis-126275,NA,NA
Fis-127081,NA,NA
Fis-127099,NA,NA
Fis-127123,NA,NA
Fis-127124,NA,NA
Fis-127130,NA,NA
Fis-127216,NA,NA
Fis-127218,NA,NA
Fis-127258,NA,NA
Fis-127278,NA,NA
Fis-127558,NA,NA
Fis-127563,NA,NA
Fis-128494,NA,NA
Fis-130618,NA,NA
Fis-130671,NA,NA
Fis-130737,NA,NA
Fis-130762,NA,NA
Fis-130769,NA,NA
Fis-130775,NA,NA
Fis-130806,NA,NA
Fis-130825,NA,NA
Fis-130841,NA,NA
Fis-130905,NA,NA
Fis-130963,NA,NA
Fis-131008,NA,NA
Fis-131072,NA,NA
Fis-131080,NA,NA
Fis-131083,NA,NA
Fis-131089,NA,NA
Fis-131124,NA,NA
Fis-131178,NA,NA
Fis-131185,NA,NA
Fis-131191,NA,NA
Fis-131196,NA,NA
Fis-131237,NA,NA
Fis-131278,NA,NA
Fis-131311,NA,NA
Fis-131316,NA,NA
Fis-131319,NA,NA
Fis-131323,NA,NA
Fis-131358,NA,NA
Fis-131360,NA,NA
Fis-131441,NA,NA
Fis-131459,NA,NA
Fis-131465,NA,NA
Fis-131556,NA,NA
Fis-131597,NA,NA
Fis-131598,NA,NA
Fis-131602,NA,NA
Fis-131604,NA,NA
Fis-131607,NA,NA
Fis-131608,NA,NA
Fis-131619,NA,NA
Fis-131621,NA,NA
Fis-131622,NA,NA
Fis-131624,NA,NA
Fis-131626,NA,NA
Fis-131668,NA,NA
Fis-131701,NA,NA
Fis-131710,NA,NA
Fis-131715,NA,NA
Fis-131804,NA,NA
Fis-131838,NA,NA
Fis-131844,NA,NA
Fis-131892,NA,NA
Fis-131906,NA,NA
Fis-131920,NA,NA
Fis-131922,NA,NA
Fis-131992,NA,NA
Fis-131994,NA,NA
Fis-131995,NA,NA
Fis-131996,NA,NA
Fis-131998,NA,NA
Fis-132003,NA,NA
Fis-132091,NA,NA
Fis-132105,NA,NA
Fis-132106,NA,NA
Fis-132130,NA,NA
Fis-132339,NA,NA
Fis-132340,NA,NA
Fis-132342,NA,NA
Fis-132344,NA,NA
Fis-132415,NA,NA
Fis-132464,NA,NA
Fis-132482,NA,NA
Fis-132518,NA,NA
Fis-132526,NA,NA
Fis-132528,NA,NA
Fis-132545,NA,NA
Fis-132552,NA,NA
Fis-132557,NA,NA
Fis-132699,NA,NA
Fis-132700,NA,NA
Fis-132711,NA,NA
Fis-132866,NA,NA
Fis-132902,NA,NA
Fis-132930,NA,NA
Fis-133274,NA,NA
Fis-133276,NA,NA
Fis-133346,NA,NA
Fis-133486,NA,NA
Fis-133510,NA,NA
Fis-133516,NA,NA
Fis-133592,NA,NA
Fis-133789,NA,NA
Fis-133825,NA,NA
Fis-134030,NA,NA
Fis-134033,NA,NA
Fis-134057,NA,NA
Fis-134070,NA,NA
Fis-134118,NA,NA
Fis-134214,NA,NA
Fis-134259,NA,NA
Fis-134304,NA,NA
Fis-134402,NA,NA
Fis-134599,NA,NA
Fis-134710,NA,NA
Fis-134783,NA,NA
Fis-134785,NA,NA
Fis-135071,NA,NA
Fis-135703,NA,NA
Fis-135708,NA,NA
Fis-137489,NA,NA
Fis-137493,NA,NA
Fis-137494,NA,NA
Fis-137502,NA,NA
Fis-137577,NA,NA
Fis-137591,NA,NA
Fis-137821,NA,NA
Fis-137841,NA,NA
Fis-137886,NA,NA
Fis-137933,NA,NA
Fis-138012,NA,NA
Fis-138013,NA,NA
Fis-138284,NA,NA
Fis-138288,NA,NA
Fis-138298,NA,NA
Fis-138329,NA,NA
Fis-138331,NA,NA
Fis-138332,NA,NA
Fis-138523,NA,NA
Fis-138700,NA,NA
Fis-138701,NA,NA
Fis-138726,NA,NA
Fis-138728,NA,NA
Fis-138798,NA,NA
Fis-138822,NA,NA
Fis-138830,NA,NA
Fis-138848,NA,NA
Fis-138852,NA,NA
Fis-138856,NA,NA
Fis-138937,NA,NA
Fis-139634,NA,NA
Fis-140413,NA,NA
Fis-140478,NA,NA
Fis-140479,NA,NA
Fis-140522,NA,NA
Fis-140707,NA,NA
Fis-140711,NA,NA
Fis-140752,NA,NA
Fis-141086,NA,NA
Fis-141090,NA,NA
Fis-141265,NA,NA
Fis-141266,NA,NA
Fis-141267,NA,NA
Fis-141445,NA,NA
Fis-141483,NA,NA
Fis-141484,NA,NA
Fis-141547,NA,NA
Fis-142115,NA,NA
Fis-142137,NA,NA
Fis-142162,NA,NA
Fis-142171,NA,NA
Fis-142173,NA,NA
Fis-142239,NA,NA
Fis-142240,NA,NA
Fis-142344,NA,NA
Fis-142346,NA,NA
Fis-142442,NA,NA
Fis-142509,NA,NA
Fis-142523,NA,NA
Fis-142532,NA,NA
Fis-142748,NA,NA
Fis-143312,NA,NA
Fis-143314,NA,NA
Fis-143320,NA,NA
Fis-143323,NA,NA
Fis-143324,NA,NA
Fis-143329,NA,NA
Fis-143334,NA,NA
Fis-143335,NA,NA
Fis-143343,NA,NA
Fis-143355,NA,NA
Fis-143380,NA,NA
Fis-143407,NA,NA
Fis-143415,NA,NA
Fis-143432,NA,NA
Fis-143436,NA,NA
Fis-143446,NA,NA
Fis-143459,NA,NA
Fis-143520,NA,NA
Fis-143521,NA,NA
Fis-143569,NA,NA
Fis-143570,NA,NA
Fis-143572,NA,NA
Fis-143684,NA,NA
Fis-143694,NA,NA
Fis-143699,NA,NA
Fis-143711,NA,NA
Fis-143725,NA,NA
Fis-143727,NA,NA
Fis-143734,NA,NA
Fis-143738,NA,NA
Fis-143742,NA,NA
Fis-143808,NA,NA
Fis-143809,NA,NA
Fis-143816,NA,NA
Fis-143853,NA,NA
Fis-143854,NA,NA
Fis-143896,NA,NA
Fis-143912,NA,NA
Fis-144020,NA,NA
Fis-144042,NA,NA
Fis-144470,NA,NA
Fis-144521,NA,NA
Fis-144522,NA,NA
Fis-144523,NA,NA
Fis-144525,NA,NA
Fis-144526,NA,NA
Fis-144527,NA,NA
Fis-144528,NA,NA
Fis-144529,NA,NA
Fis-144588,NA,NA
Fis-144619,NA,NA
Fis-144623,NA,NA
Fis-144652,NA,NA
Fis-144682,NA,NA
Fis-144690,NA,NA
Fis-144697,NA,NA
Fis-144705,NA,NA
Fis-144724,NA,NA
Fis-144731,NA,NA
Fis-144839,NA,NA
Fis-144845,NA,NA
Fis-144846,NA,NA
Fis-144854,NA,NA
Fis-144858,NA,NA
Fis-144874,NA,NA
Fis-144875,NA,NA
Fis-144886,NA,NA
Fis-144891,NA,NA
Fis-144896,NA,NA
Fis-144920,NA,NA
Fis-144934,NA,NA
Fis-144937,NA,NA
Fis-144953,NA,NA
Fis-144956,NA,NA
Fis-144958,NA,NA
Fis-144985,NA,NA
Fis-145041,NA,NA
Fis-145056,NA,NA
Fis-145098,NA,NA
Fis-145099,NA,NA
Fis-145104,NA,NA
Fis-145241,NA,NA
Fis-145245,NA,NA
Fis-145250,NA,NA
Fis-145261,NA,NA
Fis-145286,NA,NA
Fis-145418,NA,NA
Fis-145424,NA,NA
Fis-145446,NA,NA
Fis-145447,NA,NA
Fis-145455,NA,NA
Fis-145460,NA,NA
Fis-145500,NA,NA
Fis-145559,NA,NA
Fis-145573,NA,NA
Fis-145602,NA,NA
Fis-145623,NA,NA
Fis-145626,NA,NA
Fis-145631,NA,NA
Fis-145632,NA,NA
Fis-145633,NA,NA
Fis-145637,NA,NA
Fis-145643,NA,NA
Fis-145685,NA,NA
Fis-145688,NA,NA
Fis-145690,NA,NA
Fis-145863,NA,NA
Fis-145864,NA,NA
Fis-145881,NA,NA
Fis-146039,NA,NA
Fis-146056,NA,NA
Fis-146060,NA,NA
Fis-146160,NA,NA
Fis-146162,NA,NA
Fis-146170,NA,NA
Fis-146176,NA,NA
Fis-146177,NA,NA
Fis-146183,NA,NA
Fis-146234,NA,NA
Fis-146404,NA,NA
Fis-146434,NA,NA
Fis-146570,NA,NA
Fis-146571,NA,NA
Fis-146572,NA,NA
Fis-146574,NA,NA
Fis-146575,NA,NA
Fis-146603,NA,NA
Fis-146621,NA,NA
Fis-146622,NA,NA
Fis-146630,NA,NA
Fis-146732,NA,NA
Fis-146863,NA,NA
Fis-147555,NA,NA
Fis-147591,NA,NA
Fis-147612,NA,NA
Fis-147734,NA,NA
Fis-147926,NA,NA
Fis-147938,NA,NA
Fis-148582,NA,NA
Fis-148640,NA,NA
Fis-148655,NA,NA
Fis-148685,NA,NA
Fis-148802,NA,NA
Fis-148804,NA,NA
Fis-148962,NA,NA
Fis-149038,NA,NA
Fis-149123,NA,NA
Fis-149135,NA,NA
Fis-149151,NA,NA
Fis-149155,NA,NA
Fis-149243,NA,NA
Fis-149306,NA,NA
Fis-149458,NA,NA
Fis-149459,NA,NA
Fis-149473,NA,NA
Fis-149483,NA,NA
Fis-149486,NA,NA
Fis-149493,NA,NA
Fis-149520,NA,NA
Fis-149593,NA,NA
Fis-149596,NA,NA
Fis-149601,NA,NA
Fis-149602,NA,NA
Fis-149613,NA,NA
Fis-149714,NA,NA
Fis-149744,NA,NA
Fis-149745,NA,NA
Fis-149753,NA,NA
Fis-149755,NA,NA
Fis-149756,NA,NA
Fis-149774,NA,NA
Fis-149803,NA,NA
Fis-150004,NA,NA
Fis-150005,NA,NA
Fis-150144,NA,NA
Fis-150146,NA,NA
Fis-150148,NA,NA
Fis-150149,NA,NA
Fis-150162,NA,NA
Fis-150164,NA,NA
Fis-150165,NA,NA
Fis-150189,NA,NA
Fis-150190,NA,NA
Fis-150193,NA,NA
Fis-150288,NA,NA
Fis-150289,NA,NA
Fis-150295,NA,NA
Fis-150301,NA,NA
Fis-150310,NA,NA
Fis-150381,NA,NA
Fis-150384,NA,NA
Fis-150423,NA,NA
Fis-150435,NA,NA
Fis-150478,NA,NA
Fis-150592,NA,NA
Fis-150638,NA,NA
Fis-150640,NA,NA
Fis-150641,NA,NA
Fis-150645,NA,NA
Fis-150751,NA,NA
Fis-150823,NA,NA
Fis-151394,NA,NA
Fis-151404,NA,NA
Fis-152001,NA,NA
Fis-152011,NA,NA
Fis-152093,NA,NA
Fis-152324,NA,NA
Fis-152348,NA,NA
Fis-153187,NA,NA
Fis-153188,NA,NA
Fis-153199,NA,NA
Fis-153200,NA,NA
Fis-153201,NA,NA
Fis-153233,NA,NA
Fis-153234,NA,NA
Fis-153541,NA,NA
Fis-153677,NA,NA
Fis-153727,NA,NA
Fis-153980,NA,NA
Fis-154008,NA,NA
Fis-154079,NA,NA
Fis-154197,NA,NA
Fis-154210,NA,NA
Fis-154251,NA,NA
Fis-154471,NA,NA
Fis-154525,NA,NA
Fis-155191,NA,NA
Fis-155649,NA,NA
Fis-155664,NA,NA
Fis-155686,NA,NA
Fis-156808,NA,NA
Fis-156843,NA,NA
Fis-156902,NA,NA
Fis-157676,NA,NA
Fis-157684,NA,NA
Fis-158074,NA,NA
Fis-158214,NA,NA
Fis-158258,NA,NA
Fis-158417,NA,NA
Fis-158420,NA,NA
Fis-158423,NA,NA
Fis-158513,NA,NA
Fis-158535,NA,NA
Fis-158955,NA,NA
Fis-159119,NA,NA
Fis-159377,NA,NA
Fis-159561,NA,NA
Fis-159563,NA,NA
Fis-159571,NA,NA
Fis-159582,NA,NA
Fis-159585,NA,NA
Fis-159650,NA,NA
Fis-159824,NA,NA
Fis-159985,NA,NA
Fis-160266,NA,NA
Fis-160284,NA,NA
Fis-160285,NA,NA
Fis-160286,NA,NA
Fis-160287,NA,NA
Fis-160296,NA,NA
Fis-160300,NA,NA
Fis-160303,NA,NA
Fis-160304,NA,NA
Fis-160362,NA,NA
Fis-160374,NA,NA
Fis-160447,NA,NA
Fis-160464,NA,NA
Fis-160669,NA,NA
Fis-160691,NA,NA
Fis-160718,NA,NA
Fis-160832,NA,NA
Fis-160834,NA,NA
Fis-160835,NA,NA
Fis-160849,NA,NA
Fis-160862,NA,NA
Fis-160863,NA,NA
Fis-160881,NA,NA
Fis-160882,NA,NA
Fis-160886,NA,NA
Fis-160887,NA,NA
Fis-160888,NA,NA
Fis-160898,NA,NA
Fis-160903,NA,NA
Fis-160905,NA,NA
Fis-160935,NA,NA
Fis-160938,NA,NA
Fis-160950,NA,NA
Fis-160953,NA,NA
Fis-160978,NA,NA
Fis-161007,NA,NA
Fis-161046,NA,NA
Fis-161069,NA,NA
Fis-161071,NA,NA
Fis-161084,NA,NA
Fis-161089,NA,NA
Fis-161097,NA,NA
Fis-161099,NA,NA
Fis-161104,NA,NA
Fis-161119,NA,NA
Fis-161120,NA,NA
Fis-161168,NA,NA
Fis-161169,NA,NA
Fis-161173,NA,NA
Fis-161175,NA,NA
Fis-161179,NA,NA
Fis-161201,NA,NA
Fis-161223,NA,NA
Fis-161231,NA,NA
Fis-161235,NA,NA
Fis-161242,NA,NA
Fis-161244,NA,NA
Fis-161247,NA,NA
Fis-161255,NA,NA
Fis-161257,NA,NA
Fis-161259,NA,NA
Fis-161297,NA,NA
Fis-161298,NA,NA
Fis-161395,NA,NA
Fis-161411,NA,NA
Fis-161420,NA,NA
Fis-161423,NA,NA
Fis-161424,NA,NA
Fis-161427,NA,NA
Fis-161432,NA,NA
Fis-161436,NA,NA
Fis-161438,NA,NA
Fis-161453,NA,NA
Fis-161470,NA,NA
Fis-161499,NA,NA
Fis-161604,NA,NA
Fis-161612,NA,NA
Fis-161616,NA,NA
Fis-161638,NA,NA
Fis-161642,NA,NA
Fis-161644,NA,NA
Fis-161646,NA,NA
Fis-161648,NA,NA
Fis-161649,NA,NA
Fis-161685,NA,NA
Fis-161751,NA,NA
Fis-161812,NA,NA
Fis-161841,NA,NA
Fis-161842,NA,NA
Fis-161846,NA,NA
Fis-161847,NA,NA
Fis-162143,NA,NA
Fis-162148,NA,NA
Fis-162187,NA,NA
Fis-162263,NA,NA
Fis-162297,NA,NA
Fis-162302,NA,NA
Fis-162365,NA,NA
Fis-162411,NA,NA
Fis-162450,NA,NA
Fis-162535,NA,NA
Fis-162555,NA,NA
Fis-162828,NA,NA
Fis-162830,NA,NA
Fis-162831,NA,NA
Fis-162862,NA,NA
Fis-162865,NA,NA
Fis-162888,NA,NA
Fis-162891,NA,NA
Fis-162990,NA,NA
Fis-163012,NA,NA
Fis-163366,NA,NA
Fis-163389,NA,NA
Fis-163399,NA,NA
Fis-163504,NA,NA
Fis-163613,NA,NA
Fis-163614,NA,NA
Fis-163619,NA,NA
Fis-163624,NA,NA
Fis-163637,NA,NA
Fis-163652,NA,NA
Fis-163789,NA,NA
Fis-163809,NA,NA
Fis-163836,NA,NA
Fis-163885,NA,NA
Fis-163894,NA,NA
Fis-163903,NA,NA
Fis-163904,NA,NA
Fis-163906,NA,NA
Fis-163907,NA,NA
Fis-163927,NA,NA
Fis-163964,NA,NA
Fis-163965,NA,NA
Fis-164006,NA,NA
Fis-164073,NA,NA
Fis-164091,NA,NA
Fis-164116,NA,NA
Fis-164171,NA,NA
Fis-164172,NA,NA
Fis-164189,NA,NA
Fis-164212,NA,NA
Fis-164257,NA,NA
Fis-164262,NA,NA
Fis-164264,NA,NA
Fis-164265,NA,NA
Fis-164377,NA,NA
Fis-164597,NA,NA
Fis-164604,NA,NA
Fis-164624,NA,NA
Fis-164649,NA,NA
Fis-164679,NA,NA
Fis-164699,NA,NA
Fis-164849,NA,NA
Fis-164852,NA,NA
Fis-165058,NA,NA
Fis-165185,NA,NA
Fis-165186,NA,NA
Fis-165192,NA,NA
Fis-165215,NA,NA
Fis-165225,NA,NA
Fis-165226,NA,NA
Fis-165250,NA,NA
Fis-165257,NA,NA
Fis-165258,NA,NA
Fis-165327,NA,NA
Fis-165350,NA,NA
Fis-165378,NA,NA
Fis-165380,NA,NA
Fis-165575,NA,NA
Fis-165736,NA,NA
Fis-165849,NA,NA
Fis-165853,NA,NA
Fis-165952,NA,NA
Fis-166044,NA,NA
Fis-166151,NA,NA
Fis-166481,NA,NA
Fis-166535,NA,NA
Fis-166722,NA,NA
Fis-166755,NA,NA
Fis-166776,NA,NA
Fis-166830,NA,NA
Fis-166905,NA,NA
Fis-166909,NA,NA
Fis-166918,NA,NA
Fis-166919,NA,NA
Fis-166946,NA,NA
Fis-167005,NA,NA
Fis-167029,NA,NA
Fis-167064,NA,NA
Fis-167065,NA,NA
Fis-167081,NA,NA
Fis-167270,NA,NA
Fis-167275,NA,NA
Fis-167278,NA,NA
Fis-167280,NA,NA
Fis-167288,NA,NA
Fis-167289,NA,NA
Fis-167290,NA,NA
Fis-167292,NA,NA
Fis-167326,NA,NA
Fis-167333,NA,NA
Fis-167353,NA,NA
Fis-167428,NA,NA
Fis-167495,NA,NA
Fis-167559,NA,NA
Fis-167565,NA,NA
Fis-167791,NA,NA
Fis-167809,NA,NA
Fis-167816,NA,NA
Fis-167951,NA,NA
Fis-167979,NA,NA
Fis-167981,NA,NA
Fis-167984,NA,NA
Fis-167988,NA,NA
Fis-167996,NA,NA
Fis-167997,NA,NA
Fis-167998,NA,NA
Fis-168128,NA,NA
Fis-168141,NA,NA
Fis-168142,NA,NA
Fis-168143,NA,NA
Fis-168148,NA,NA
Fis-168151,NA,NA
Fis-168153,NA,NA
Fis-168278,NA,NA
Fis-168606,NA,NA
Fis-168611,NA,NA
Fis-168614,NA,NA
Fis-168616,NA,NA
Fis-168617,NA,NA
Fis-168618,NA,NA
Fis-168626,NA,NA
Fis-168750,NA,NA
Fis-168752,NA,NA
Fis-168861,NA,NA
Fis-168863,NA,NA
Fis-168871,NA,NA
Fis-168916,NA,NA
Fis-169111,NA,NA
Fis-169142,NA,NA
Fis-169150,NA,NA
Fis-169152,NA,NA
Fis-169346,NA,NA
Fis-169355,NA,NA
Fis-169356,NA,NA
Fis-169396,NA,NA
Fis-169397,NA,NA
Fis-169480,NA,NA
Fis-169486,NA,NA
Fis-169542,NA,NA
Fis-169544,NA,NA
Fis-169600,NA,NA
Fis-169620,NA,NA
Fis-169691,NA,NA
Fis-169692,NA,NA
Fis-169800,NA,NA
Fis-169808,NA,NA
Fis-170023,NA,NA
Fis-170053,NA,NA
Fis-170054,NA,NA
Fis-170072,NA,NA
Fis-170287,NA,NA
Fis-170313,NA,NA
Fis-170314,NA,NA
Fis-170317,NA,NA
Fis-170319,NA,NA
Fis-170328,NA,NA
Fis-170333,NA,NA
Fis-170334,NA,NA
Fis-170339,NA,NA
Fis-170341,NA,NA
Fis-170493,NA,NA
Fis-170532,NA,NA
Fis-170533,NA,NA
Fis-170648,NA,NA
Fis-170682,NA,NA
Fis-170741,NA,NA
Fis-170769,NA,NA
Fis-170806,NA,NA
Fis-170827,NA,NA
Fis-170877,NA,NA
Fis-170930,NA,NA
Fis-171008,NA,NA
Fis-171152,NA,NA
Fis-171155,NA,NA
Fis-171164,NA,NA
Fis-171173,NA,NA
Fis-171175,NA,NA
Fis-171176,NA,NA
Fis-171225,NA,NA
Fis-171226,NA,NA
Fis-171228,NA,NA
Fis-171287,NA,NA
Fis-171299,NA,NA
Fis-171571,NA,NA
Fis-171572,NA,NA
Fis-171589,NA,NA
Fis-171606,NA,NA
Fis-171611,NA,NA
Fis-171614,NA,NA
Fis-171615,NA,NA
Fis-171616,NA,NA
Fis-171620,NA,NA
Fis-171650,NA,NA
Fis-171655,NA,NA
Fis-171721,NA,NA
Fis-171723,NA,NA
Fis-171725,NA,NA
Fis-171727,NA,NA
Fis-171816,NA,NA
Fis-171827,NA,NA
Fis-171899,NA,NA
Fis-172139,NA,NA
Fis-172140,NA,NA
Fis-172141,NA,NA
Fis-172251,NA,NA
Fis-172264,NA,NA
Fis-172334,NA,NA
Fis-172358,NA,NA
Fis-172370,NA,NA
Fis-172374,NA,NA
Fis-172380,NA,NA
Fis-172382,NA,NA
Fis-172398,NA,NA
Fis-172402,NA,NA
Fis-172405,NA,NA
Fis-172416,NA,NA
Fis-172436,NA,NA
Fis-172463,NA,NA
Fis-172464,NA,NA
Fis-172500,NA,NA
Fis-172523,NA,NA
Fis-172527,NA,NA
Fis-172532,NA,NA
Fis-172655,NA,NA
Fis-172668,NA,NA
Fis-172690,NA,NA
Fis-172702,NA,NA
Fis-172757,NA,NA
Fis-172760,NA,NA
Fis-172879,NA,NA
Fis-172895,NA,NA
Fis-172899,NA,NA
Fis-172900,NA,NA
Fis-172912,NA,NA
Fis-172929,NA,NA
Fis-172930,NA,NA
Fis-172952,NA,NA
Fis-173026,NA,NA
Fis-173066,NA,NA
Fis-173069,NA,NA
Fis-173073,NA,NA
Fis-173169,NA,NA
Fis-173170,NA,NA
Fis-173226,NA,NA
Fis-173279,NA,NA
Fis-173288,NA,NA
Fis-173293,NA,NA
Fis-173301,NA,NA
Fis-173343,NA,NA
Fis-173372,NA,NA
Fis-173419,NA,NA
Fis-173447,NA,NA
Fis-173455,NA,NA
Fis-173479,NA,NA
Fis-173488,NA,NA
Fis-173517,NA,NA
Fis-173535,NA,NA
Fis-173802,NA,NA
Fis-17443,NA,NA
Fis-21236,NA,NA
Fis-22843,NA,NA
Fis-22891,NA,NA
Fis-22981,NA,NA
Fis-22986,NA,NA
Fis-22988,NA,NA
Fis-22993,NA,NA
Fis-22999,NA,NA
Fis-23000,NA,NA
Fis-23049,NA,NA
Fis-23079,NA,NA
Fis-23083,NA,NA
Fis-23084,NA,NA
Fis-23119,NA,NA
Fis-23134,NA,NA
Fis-23154,NA,NA
Fis-23285,NA,NA
Fis-23294,NA,NA
Fis-23301,NA,NA
Fis-23307,NA,NA
Fis-23329,NA,NA
Fis-23370,NA,NA
Fis-23400,NA,NA
Fis-23448,NA,NA
Fis-23538,NA,NA
Fis-23544,NA,NA
Fis-23755,NA,NA
Fis-23767,NA,NA
Fis-23769,NA,NA
Fis-23833,NA,NA
Fis-23855,NA,NA
Fis-23856,NA,NA
Fis-23939,NA,NA
Fis-24523,NA,NA
Fis-25071,NA,NA
Fis-25100,NA,NA
Fis-25107,NA,NA
Fis-25393,NA,NA
Fis-25790,NA,NA
Fis-25795,NA,NA
Fis-25813,NA,NA
Fis-25891,NA,NA
Fis-25893,NA,NA
Fis-25910,NA,NA
Fis-25916,NA,NA
Fis-25982,NA,NA
Fis-25985,NA,NA
Fis-25998,NA,NA
Fis-26132,NA,NA
Fis-26345,NA,NA
Fis-26403,NA,NA
Fis-26419,NA,NA
Fis-26558,NA,NA
Fis-26562,NA,NA
Fis-26675,NA,NA
Fis-26710,NA,NA
Fis-26788,NA,NA
Fis-26814,NA,NA
Fis-27128,NA,NA
Fis-27185,NA,NA
Fis-27281,NA,NA
Fis-27350,NA,NA
Fis-27597,NA,NA
Fis-27600,NA,NA
Fis-27678,NA,NA
Fis-27810,NA,NA
Fis-27933,NA,NA
Fis-28220,NA,NA
Fis-28283,NA,NA
Fis-28284,NA,NA
Fis-28531,NA,NA
Fis-28533,NA,NA
Fis-28534,NA,NA
Fis-28536,NA,NA
Fis-28589,NA,NA
Fis-28632,NA,NA
Fis-28648,NA,NA
Fis-28654,NA,NA
Fis-28663,NA,NA
Fis-28735,NA,NA
Fis-28753,NA,NA
Fis-28928,NA,NA
Fis-28994,NA,NA
Fis-29008,NA,NA
Fis-29083,NA,NA
Fis-29091,NA,NA
Fis-29214,NA,NA
Fis-29271,NA,NA
Fis-29279,NA,NA
Fis-29324,NA,NA
Fis-29332,NA,NA
Fis-29354,NA,NA
Fis-29355,NA,NA
Fis-29398,NA,NA
Fis-29399,NA,NA
Fis-29409,NA,NA
Fis-29438,NA,NA
Fis-29440,NA,NA
Fis-29461,NA,NA
Fis-29466,NA,NA
Fis-29486,NA,NA
Fis-29515,NA,NA
Fis-29519,NA,NA
Fis-29549,NA,NA
Fis-29564,NA,NA
Fis-29565,NA,NA
Fis-29566,NA,NA
Fis-29629,NA,NA
Fis-29661,NA,NA
Fis-29959,NA,NA
Fis-30081,NA,NA
Fis-30098,NA,NA
Fis-30099,NA,NA
Fis-30596,NA,NA
Fis-30598,NA,NA
Fis-30638,NA,NA
Fis-30640,NA,NA
Fis-30670,NA,NA
Fis-30677,NA,NA
Fis-30755,NA,NA
Fis-30912,NA,NA
Fis-30913,NA,NA
Fis-30915,NA,NA
Fis-30927,NA,NA
Fis-30932,NA,NA
Fis-30935,NA,NA
Fis-30950,NA,NA
Fis-30951,NA,NA
Fis-30953,NA,NA
Fis-30961,NA,NA
Fis-31003,NA,NA
Fis-31053,NA,NA
Fis-31112,NA,NA
Fis-31116,NA,NA
Fis-31121,NA,NA
Fis-31122,NA,NA
Fis-31170,NA,NA
Fis-31430,NA,NA
Fis-31499,NA,NA
Fis-31536,NA,NA
Fis-31579,NA,NA
Fis-31580,NA,NA
Fis-31581,NA,NA
Fis-31588,NA,NA
Fis-31609,NA,NA
Fis-31626,NA,NA
Fis-31840,NA,NA
Fis-32091,NA,NA
Fis-32093,NA,NA
Fis-32145,NA,NA
Fis-32239,NA,NA
Fis-32241,NA,NA
Fis-32314,NA,NA
Fis-32318,NA,NA
Fis-32320,NA,NA
Fis-32384,NA,NA
Fis-32428,NA,NA
Fis-32429,NA,NA
Fis-32430,NA,NA
Fis-32460,NA,NA
Fis-32477,NA,NA
Fis-32480,NA,NA
Fis-32483,NA,NA
Fis-32502,NA,NA
Fis-32504,NA,NA
Fis-32520,NA,NA
Fis-32574,NA,NA
Fis-32854,NA,NA
Fis-32855,NA,NA
Fis-32888,NA,NA
Fis-32913,NA,NA
Fis-33078,NA,NA
Fis-33081,NA,NA
Fis-33249,NA,NA
Fis-33254,NA,NA
Fis-33271,NA,NA
Fis-33775,NA,NA
Fis-33777,NA,NA
Fis-33779,NA,NA
Fis-33783,NA,NA
Fis-33836,NA,NA
Fis-33849,NA,NA
Fis-33857,NA,NA
Fis-34136,NA,NA
Fis-34780,NA,NA
Fis-34853,NA,NA
Fis-34861,NA,NA
Fis-34862,NA,NA
Fis-34864,NA,NA
Fis-34866,NA,NA
Fis-34871,NA,NA
Fis-34872,NA,NA
Fis-34873,NA,NA
Fis-34875,NA,NA
Fis-34949,NA,NA
Fis-35154,NA,NA
Fis-35162,NA,NA
Fis-35165,NA,NA
Fis-35166,NA,NA
Fis-35173,NA,NA
Fis-35174,NA,NA
Fis-35179,NA,NA
Fis-35180,NA,NA
Fis-35181,NA,NA
Fis-35186,NA,NA
Fis-35191,NA,NA
Fis-35195,NA,NA
Fis-35197,NA,NA
Fis-35206,NA,NA
Fis-35211,NA,NA
Fis-35212,NA,NA
Fis-35220,NA,NA
Fis-35221,NA,NA
Fis-35261,NA,NA
Fis-35262,NA,NA
Fis-35271,NA,NA
Fis-35273,NA,NA
Fis-35275,NA,NA
Fis-35296,NA,NA
Fis-35297,NA,NA
Fis-35321,NA,NA
Fis-35390,NA,NA
Fis-35394,NA,NA
Fis-35397,NA,NA
Fis-35398,NA,NA
Fis-35401,NA,NA
Fis-35404,NA,NA
Fis-35462,NA,NA
Fis-35466,NA,NA
Fis-35561,NA,NA
Fis-35624,NA,NA
Fis-35644,NA,NA
Fis-35676,NA,NA
Fis-35773,NA,NA
Fis-35823,NA,NA
Fis-35836,NA,NA
Fis-35892,NA,NA
Fis-35914,NA,NA
Fis-35945,NA,NA
Fis-35957,NA,NA
Fis-4566,NA,NA
Fis-47310,NA,NA
Fis-47311,NA,NA
Fis-47364,NA,NA
Fis-47367,NA,NA
Fis-47388,NA,NA
Fis-47489,NA,NA
Fis-47593,NA,NA
Fis-47594,NA,NA
Fis-47673,NA,NA
Fis-47731,NA,NA
Fis-47736,NA,NA
Fis-47770,NA,NA
Fis-47771,NA,NA
Fis-47776,NA,NA
Fis-47779,NA,NA
Fis-48094,NA,NA
Fis-48257,NA,NA
Fis-49010,NA,NA
Fis-49024,NA,NA
Fis-49086,NA,NA
Fis-50247,NA,NA
Fis-50532,NA,NA
Fis-50550,NA,NA
Fis-50719,NA,NA
Fis-51129,NA,NA
Fis-51132,NA,NA
Fis-51740,NA,NA
Fis-51857,NA,NA
Fis-51866,NA,NA
Fis-52081,NA,NA
Fis-52106,NA,NA
Fis-52115,NA,NA
Fis-52116,NA,NA
Fis-52117,NA,NA
Fis-52134,NA,NA
Fis-52180,NA,NA
Fis-52186,NA,NA
Fis-52206,NA,NA
Fis-52384,NA,NA
Fis-52461,NA,NA
Fis-52478,NA,NA
Fis-52528,NA,NA
Fis-52531,NA,NA
Fis-52535,NA,NA
Fis-52763,NA,NA
Fis-52827,NA,NA
Fis-52897,NA,NA
Fis-53152,NA,NA
Fis-53354,NA,NA
Fis-53446,NA,NA
Fis-53990,NA,NA
Fis-53997,NA,NA
Fis-54078,NA,NA
Fis-54185,NA,NA
Fis-54190,NA,NA
Fis-54244,NA,NA
Fis-54316,NA,NA
Fis-54333,NA,NA
Fis-54408,NA,NA
Fis-54447,NA,NA
Fis-54449,NA,NA
Fis-54450,NA,NA
Fis-54453,NA,NA
Fis-54456,NA,NA
Fis-54457,NA,NA
Fis-54464,NA,NA
Fis-54471,NA,NA
Fis-54480,NA,NA
Fis-54498,NA,NA
Fis-55130,NA,NA
Fis-55421,NA,NA
Fis-55422,NA,NA
Fis-55423,NA,NA
Fis-56113,NA,NA
Fis-56611,NA,NA
Fis-56797,NA,NA
Fis-56858,NA,NA
Fis-56864,NA,NA
Fis-56867,NA,NA
Fis-56989,NA,NA
Fis-57058,NA,NA
Fis-57283,NA,NA
Fis-57321,NA,NA
Fis-57444,NA,NA
Fis-57875,NA,NA
Fis-57917,NA,NA
Fis-58054,NA,NA
Fis-58083,NA,NA
Fis-58117,NA,NA
Fis-58409,NA,NA
Fis-58414,NA,NA
Fis-58711,NA,NA
Fis-58712,NA,NA
Fis-58715,NA,NA
Fis-58718,NA,NA
Fis-58720,NA,NA
Fis-58768,NA,NA
Fis-59615,NA,NA
Fis-59735,NA,NA
Fis-59763,NA,NA
Fis-59764,NA,NA
Fis-60360,NA,NA
Fis-60385,NA,NA
Fis-60568,NA,NA
Fis-60569,NA,NA
Fis-60650,NA,NA
Fis-60663,NA,NA
Fis-60694,NA,NA
Fis-60720,NA,NA
Fis-60727,NA,NA
Fis-60733,NA,NA
Fis-60740,NA,NA
Fis-60746,NA,NA
Fis-60752,NA,NA
Fis-60757,NA,NA
Fis-60874,NA,NA
Fis-60888,NA,NA
Fis-60896,NA,NA
Fis-60899,NA,NA
Fis-61072,NA,NA
Fis-61106,NA,NA
Fis-61117,NA,NA
Fis-61164,NA,NA
Fis-61192,NA,NA
Fis-61194,NA,NA
Fis-61265,NA,NA
Fis-61272,NA,NA
Fis-61279,NA,NA
Fis-61525,NA,NA
Fis-61614,NA,NA
Fis-61762,NA,NA
Fis-61790,NA,NA
Fis-61807,NA,NA
Fis-61831,NA,NA
Fis-61834,NA,NA
Fis-61874,NA,NA
Fis-61949,NA,NA
Fis-61993,NA,NA
Fis-62050,NA,NA
Fis-62052,NA,NA
Fis-62172,NA,NA
Fis-62174,NA,NA
Fis-62357,NA,NA
Fis-62373,NA,NA
Fis-62699,NA,NA
Fis-62735,NA,NA
Fis-62736,NA,NA
Fis-62765,NA,NA
Fis-63852,NA,NA
Fis-64122,NA,NA
Fis-7217,NA,NA
ITS-158600,NA,NA
ITS-551569,NA,NA
ITS-551604,NA,NA
ITS-551607,NA,NA
ITS-551608,NA,NA
ITS-551611,NA,NA
ITS-551614,NA,NA
ITS-551615,NA,NA
ITS-551619,NA,NA
ITS-551621,NA,NA
ITS-551623,NA,NA
ITS-551624,NA,NA
ITS-551626,NA,NA
ITS-551627,NA,NA
ITS-551630,NA,NA
ITS-551634,NA,NA
ITS-551643,NA,NA
ITS-551646,NA,NA
ITS-551649,NA,NA
ITS-551651,NA,NA
ITS-551655,NA,NA
ITS-551664,NA,NA
ITS-551683,NA,NA
ITS-551686,NA,NA
ITS-612222,NA,NA
ITS-612224,NA,NA
ITS-612227,NA,NA
ITS-612232,NA,NA
ITS-612259,NA,NA
ITS-612285,NA,NA
ITS-612309,NA,NA
ITS-612322,NA,NA
ITS-612341,NA,NA
ITS-612353,NA,NA
ITS-612367,NA,NA
ITS-612405,NA,NA
ITS-612422,NA,NA
ITS-612423,NA,NA
ITS-612424,NA,NA
ITS-612428,NA,NA
ITS-612432,NA,NA
ITS-612449,NA,NA
ITS-612452,NA,NA
ITS-612466,NA,NA
ITS-612517,NA,NA
ITS-612527,NA,NA
ITS-612556,NA,NA
ITS-612565,NA,NA
ITS-612580,NA,NA
ITS-612583,NA,NA
ITS-659883,NA,NA
ITS-659892,NA,NA
ITS-659894,NA,NA
ITS-660235,NA,NA
ITS-95678,NA,NA
ITS-95698,NA,NA
ITS-95801,NA,NA
ITS-95824,NA,NA
ITS-95834,NA,NA
ITS-95835,NA,NA
ITS-95871,NA,NA
ITS-95886,NA,NA
ITS-96431,NA,NA
ITS-96440,NA,NA
ITS-96447,NA,NA
ITS-96531,NA,NA
ITS-96551,NA,NA
ITS-97962,NA,NA
ITS-Ave-562521,NA,NA
ITS-Ave-562560,NA,NA
ITS-Ave-723252,NA,NA
ITS-Ave-824053,NA,NA
ITS-Mam-180635,NA,NA
ITS-Mam-612598,NA,NA
ITS-Mam-612599,NA,NA
ITS-Mam-726283,NA,NA
NZ-24268,NA,NA
NZ-24293,NA,NA
SLB-101012,NA,NA
SLB-101021,NA,NA
SLB-111937,NA,NA
SLB-118978,NA,NA
SLB-118996,NA,NA
SLB-132246,NA,NA
SLB-155277,NA,NA
SLB-157806,NA,NA
SLB-157956,NA,NA
SLB-169529,NA,NA
SLB-170018,NA,NA
SLB-172530,NA,NA
SLB-174270,NA,NA
SLB-176937,NA,NA
SLB-184691,NA,NA
SLB-185785,NA,NA
SLB-187676,NA,NA
SLB-188832,NA,NA
SLB-188833,NA,NA
SLB-188834,NA,NA
SLB-190384,NA,NA
SLB-190386,NA,NA
SLB-191716,NA,NA
SLB-191727,NA,NA
SLB-191973,NA,NA
SLB-192590,NA,NA
SLB-192695,NA,NA
SLB-193064,NA,NA
SLB-193148,NA,NA
SLB-193149,NA,NA
SLB-193255,NA,NA
SLB-193256,NA,NA
SLB-88750,NA,NA
W-Ase-123989,NA,NA
W-Ase-123990,NA,NA
W-Ase-124091,NA,NA
W-Ase-254851,NA,NA
W-Ase-291593,NA,NA
W-Ase-291663,NA,NA
W-Ase-370996,NA,NA
W-Ase-377360,NA,NA
W-Ase-377388,NA,NA
W-Ase-382642,NA,NA
W-Ase-382646,NA,NA
W-Ase-459529,NA,NA
W-Bch-107406,NA,NA
W-Bch-208776,NA,NA
W-Bch-208780,NA,NA
W-Bch-208844,NA,NA
W-Bch-208855,NA,NA
W-Bch-208865,NA,NA
W-Bch-209435,NA,NA
W-Bch-209437,NA,NA
W-Bch-210185,NA,NA
W-Bch-211050,NA,NA
W-Bch-387539,NA,NA
W-Bch-387555,NA,NA
W-Bch-390572,NA,NA
W-Bch-395454,NA,NA
W-Bch-395765,NA,NA
W-Bch-440287,NA,NA
W-Bch-440291,NA,NA
W-Bch-442904,NA,NA
W-Bch-442916,NA,NA
W-Bch-442917,NA,NA
W-Bch-442925,NA,NA
W-Bch-443874,NA,NA
W-Bch-443880,NA,NA
W-Bch-443883,NA,NA
W-Bch-557903,NA,NA
W-Ech-124393,NA,NA
W-Ech-213361,NA,NA
W-Ech-414221,NA,NA
W-Ech-513070,NA,NA
W-Ech-513179,NA,NA
W-Ech-513263,NA,NA
W-Ech-513375,NA,NA
W-Ech-513605,NA,NA
W-Hol-124483,NA,NA
W-Hol-174058,NA,NA
W-Hol-208946,NA,NA
W-Hol-210917,NA,NA
W-Hol-241774,NA,NA
W-Hol-241789,NA,NA
W-Hol-241915,NA,NA
W-Hol-241947,NA,NA
W-Hol-241949,NA,NA
W-Hol-242016,NA,NA
W-Hol-242061,NA,NA
W-Hol-242090,NA,NA
W-Hol-242092,NA,NA
W-Hol-254710,NA,NA
W-Hol-390283,NA,NA
W-Hol-528780,NA,NA
W-Hol-528812,NA,NA
W-Hol-528865,NA,NA
W-Hol-529068,NA,NA
W-Hol-529072,NA,NA
W-Hol-529430,NA,NA
W-Hol-529433,NA,NA
W-Hol-529435,NA,NA
W-Hol-529582,NA,NA
W-Hol-529646,NA,NA
W-Hol-732378,NA,NA
W-Msc-138722,NA,NA
W-Msc-138798,NA,NA
W-Msc-139013,NA,NA
W-Msc-139174,NA,NA
W-Msc-140232,NA,NA
W-Msc-140240,NA,NA
W-Msc-140436,NA,NA
W-Msc-140438,NA,NA
W-Msc-140446,NA,NA
W-Msc-140456,NA,NA
W-Msc-140479,NA,NA
W-Msc-140653,NA,NA
W-Msc-153073,NA,NA
W-Msc-153084,NA,NA
W-Msc-153093,NA,NA
W-Msc-180894,NA,NA
W-Msc-181309,NA,NA
W-Msc-181344,NA,NA
W-Msc-196599,NA,NA
W-Msc-197226,NA,NA
W-Msc-197230,NA,NA
W-Msc-208436,NA,NA
W-Msc-214930,NA,NA
W-Msc-215265,NA,NA
W-Msc-216569,NA,NA
W-Msc-224536,NA,NA
W-Msc-224543,NA,NA
W-Msc-224651,NA,NA
W-Msc-225208,NA,NA
W-Msc-225569,NA,NA
W-Msc-225586,NA,NA
W-Msc-225605,NA,NA
W-Msc-225606,NA,NA
W-Msc-225645,NA,NA
W-Msc-234155,NA,NA
W-Msc-234159,NA,NA
W-Msc-298157,NA,NA
W-Msc-298158,NA,NA
W-Msc-298162,NA,NA
W-Msc-325317,NA,NA
W-Msc-325318,NA,NA
W-Msc-325340,NA,NA
W-Msc-341934,NA,NA
W-Msc-341949,NA,NA
W-Msc-341962,NA,NA
W-Msc-341973,NA,NA
W-Msc-342011,NA,NA
W-Msc-342017,NA,NA
W-Msc-342026,NA,NA
W-Msc-342036,NA,NA
W-Msc-342049,NA,NA
W-Msc-342054,NA,NA
W-Msc-342055,NA,NA
W-Msc-342091,NA,NA
W-Msc-342093,NA,NA
W-Msc-342098,NA,NA
W-Msc-342113,NA,NA
W-Msc-342116,NA,NA
W-Msc-342118,NA,NA
W-Msc-342121,NA,NA
W-Msc-342130,NA,NA
W-Msc-342133,NA,NA
W-Msc-342140,NA,NA
W-Msc-342144,NA,NA
W-Msc-342147,NA,NA
W-Msc-342148,NA,NA
W-Msc-342153,NA,NA
W-Msc-342162,NA,NA
W-Msc-342173,NA,NA
W-Msc-342181,NA,NA
W-Msc-342185,NA,NA
W-Msc-342199,NA,NA
W-Msc-342213,NA,NA
W-Msc-342224,NA,NA
W-Msc-342227,NA,NA
W-Msc-342235,NA,NA
W-Msc-342261,NA,NA
W-Msc-342309,NA,NA
W-Msc-342362,NA,NA
W-Msc-342368,NA,NA
W-Msc-342380,NA,NA
W-Msc-342416,NA,NA
W-Msc-345688,NA,NA
W-Msc-345692,NA,NA
W-Msc-367898,NA,NA
W-Msc-381090,NA,NA
W-Msc-381345,NA,NA
W-Msc-381352,NA,NA
W-Msc-381375,NA,NA
W-Msc-381862,NA,NA
W-Msc-381984,NA,NA
W-Msc-382152,NA,NA
W-Msc-387695,NA,NA
W-Msc-388510,NA,NA
W-Msc-389074,NA,NA
W-Msc-391001,NA,NA
W-Msc-391044,NA,NA
W-Msc-391802,NA,NA
W-Msc-391806,NA,NA
W-Msc-393274,NA,NA
W-Msc-393942,NA,NA
W-Msc-393960,NA,NA
W-Msc-394389,NA,NA
W-Msc-395867,NA,NA
W-Msc-395869,NA,NA
W-Msc-395870,NA,NA
W-Msc-396253,NA,NA
W-Msc-396973,NA,NA
W-Msc-397027,NA,NA
W-Msc-397082,NA,NA
W-Msc-397194,NA,NA
W-Msc-399033,NA,NA
W-Msc-399049,NA,NA
W-Msc-399060,NA,NA
W-Msc-399122,NA,NA
W-Msc-399124,NA,NA
W-Msc-399125,NA,NA
W-Msc-399129,NA,NA
W-Msc-399165,NA,NA
W-Msc-399168,NA,NA
W-Msc-399170,NA,NA
W-Msc-399171,NA,NA
W-Msc-399175,NA,NA
W-Msc-399176,NA,NA
W-Msc-399178,NA,NA
W-Msc-399179,NA,NA
W-Msc-399182,NA,NA
W-Msc-399185,NA,NA
W-Msc-399186,NA,NA
W-Msc-399187,NA,NA
W-Msc-399200,NA,NA
W-Msc-404545,NA,NA
W-Msc-404880,NA,NA
W-Msc-405214,NA,NA
W-Msc-405222,NA,NA
W-Msc-405229,NA,NA
W-Msc-405259,NA,NA
W-Msc-405269,NA,NA
W-Msc-405271,NA,NA
W-Msc-405275,NA,NA
W-Msc-405276,NA,NA
W-Msc-406034,NA,NA
W-Msc-406190,NA,NA
W-Msc-406355,NA,NA
W-Msc-406368,NA,NA
W-Msc-406380,NA,NA
W-Msc-407857,NA,NA
W-Msc-407898,NA,NA
W-Msc-407937,NA,NA
W-Msc-408034,NA,NA
W-Msc-408216,NA,NA
W-Msc-410348,NA,NA
W-Msc-410385,NA,NA
W-Msc-410386,NA,NA
W-Msc-410387,NA,NA
W-Msc-410399,NA,NA
W-Msc-410841,NA,NA
W-Msc-413600,NA,NA
W-Msc-413602,NA,NA
W-Msc-419405,NA,NA
W-Msc-419410,NA,NA
W-Msc-419412,NA,NA
W-Msc-419421,NA,NA
W-Msc-419428,NA,NA
W-Msc-419430,NA,NA
W-Msc-419431,NA,NA
W-Msc-419433,NA,NA
W-Msc-419941,NA,NA
W-Msc-419947,NA,NA
W-Msc-420629,NA,NA
W-Msc-420743,NA,NA
W-Msc-420936,NA,NA
W-Msc-420988,NA,NA
W-Msc-420989,NA,NA
W-Msc-420992,NA,NA
W-Msc-420994,NA,NA
W-Msc-420996,NA,NA
W-Msc-438904,NA,NA
W-Msc-438909,NA,NA
W-Msc-438911,NA,NA
W-Msc-438913,NA,NA
W-Msc-445308,NA,NA
W-Msc-445332,NA,NA
W-Msc-445362,NA,NA
W-Msc-457653,NA,NA
W-Msc-457762,NA,NA
W-Msc-457836,NA,NA
W-Msc-457863,NA,NA
W-Msc-467207,NA,NA
W-Msc-494244,NA,NA
W-Msc-504355,NA,NA
W-Msc-504410,NA,NA
W-Msc-504458,NA,NA
W-Msc-505420,NA,NA
W-Msc-505424,NA,NA
W-Msc-505471,NA,NA
W-Msc-505477,NA,NA
W-Msc-505494,NA,NA
W-Msc-505532,NA,NA
W-Msc-505543,NA,NA
W-Msc-505549,NA,NA
W-Msc-505553,NA,NA
W-Msc-505554,NA,NA
W-Msc-505565,NA,NA
W-Msc-505568,NA,NA
W-Msc-505623,NA,NA
W-Msc-505930,NA,NA
W-Msc-505935,NA,NA
W-Msc-505936,NA,NA
W-Msc-505944,NA,NA
W-Msc-505966,NA,NA
W-Msc-505967,NA,NA
W-Msc-505971,NA,NA
W-Msc-505975,NA,NA
W-Msc-505979,NA,NA
W-Msc-505991,NA,NA
W-Msc-505993,NA,NA
W-Msc-506013,NA,NA
W-Msc-506015,NA,NA
W-Msc-506018,NA,NA
W-Msc-506039,NA,NA
W-Msc-506049,NA,NA
W-Msc-506072,NA,NA
W-Msc-506103,NA,NA
W-Msc-506109,NA,NA
W-Msc-506118,NA,NA
W-Msc-506121,NA,NA
W-Msc-506122,NA,NA
W-Msc-506129,NA,NA
W-Msc-506140,NA,NA
W-Msc-506170,NA,NA
W-Msc-506174,NA,NA
W-Msc-506182,NA,NA
W-Msc-506183,NA,NA
W-Msc-506700,NA,NA
W-Msc-506701,NA,NA
W-Msc-506705,NA,NA
W-Msc-507068,NA,NA
W-Msc-507075,NA,NA
W-Msc-507077,NA,NA
W-Msc-507079,NA,NA
W-Msc-507080,NA,NA
W-Msc-507082,NA,NA
W-Msc-507085,NA,NA
W-Msc-507086,NA,NA
W-Msc-507088,NA,NA
W-Msc-507137,NA,NA
W-Msc-507162,NA,NA
W-Msc-507491,NA,NA
W-Msc-507499,NA,NA
W-Msc-507590,NA,NA
W-Msc-507912,NA,NA
W-Msc-507933,NA,NA
W-Msc-507960,NA,NA
W-Msc-507975,NA,NA
W-Msc-512972,NA,NA
W-Msc-527163,NA,NA
W-Msc-527824,NA,NA
W-Msc-527846,NA,NA
W-Msc-527848,NA,NA
W-Msc-527852,NA,NA
W-Msc-531230,NA,NA
W-Msc-532253,NA,NA
W-Msc-532281,NA,NA
W-Msc-532283,NA,NA
W-Msc-532505,NA,NA
W-Msc-532506,NA,NA
W-Msc-532507,NA,NA
W-Msc-532512,NA,NA
W-Msc-532513,NA,NA
W-Msc-532518,NA,NA
W-Msc-532519,NA,NA
W-Msc-532524,NA,NA
W-Msc-532525,NA,NA
W-Msc-532537,NA,NA
W-Msc-532539,NA,NA
W-Msc-532540,NA,NA
W-Msc-532541,NA,NA
W-Msc-532680,NA,NA
W-Msc-533026,NA,NA
W-Msc-533538,NA,NA
W-Msc-534037,NA,NA
W-Msc-534100,NA,NA
W-Msc-534104,NA,NA
W-Msc-534106,NA,NA
W-Msc-534522,NA,NA
W-Msc-534582,NA,NA
W-Msc-535845,NA,NA
W-Msc-536198,NA,NA
W-Msc-539158,NA,NA
W-Msc-539160,NA,NA
W-Msc-547089,NA,NA
W-Msc-547317,NA,NA
W-Msc-549862,NA,NA
W-Msc-549950,NA,NA
W-Msc-550036,NA,NA
W-Msc-550057,NA,NA
W-Msc-550395,NA,NA
W-Msc-550396,NA,NA
W-Msc-555220,NA,NA
W-Msc-555222,NA,NA
W-Msc-558782,NA,NA
W-Msc-558821,NA,NA
W-Msc-564274,NA,NA
W-Msc-564293,NA,NA
W-Msc-565497,NA,NA
W-Msc-565505,NA,NA
W-Msc-567713,NA,NA
W-Msc-568021,NA,NA
W-Msc-568191,NA,NA
W-Msc-573057,NA,NA
W-Msc-596387,NA,NA
W-Msc-596441,NA,NA
W-Msc-596456,NA,NA
W-Msc-596821,NA,NA
W-Msc-605704,NA,NA
W-Msc-605732,NA,NA
W-Msc-605737,NA,NA
W-Msc-605741,NA,NA
W-Msc-701813,NA,NA
W-Msc-701817,NA,NA
W-Msc-701818,NA,NA
W-Msc-712126,NA,NA
W-Msc-720050,NA,NA
W-Msc-723682,NA,NA
W-Msc-723815,NA,NA
W-Msc-724684,NA,NA
W-Msc-729699,NA,NA
W-Msc-729700,NA,NA
W-Msc-729701,NA,NA
W-Msc-737231,NA,NA
W-Msc-744869,NA,NA
W-Msc-746280,NA,NA
W-Msc-747135,NA,NA
W-Msc-848929,NA,NA
W-Oph-124862,NA,NA
W-Oph-124916,NA,NA
W-Oph-125072,NA,NA
W-Oph-125089,NA,NA
W-Oph-213437,NA,NA
W-Oph-213444,NA,NA
W-Oph-242651,NA,NA
W-Oph-242680,NA,NA
W-Oph-243175,NA,NA
W-Oph-243178,NA,NA
W-Oph-243229,NA,NA
W-Oph-243252,NA,NA
W-Oph-243922,NA,NA
W-Oph-243932,NA,NA
W-Oph-244260,NA,NA
W-Oph-245472,NA,NA
W-Oph-245474,NA,NA
W-Oph-422459,NA,NA
W-Oph-572090,NA,NA
W-Pol-1046166,NA,NA
W-Pol-130393,NA,NA
W-Pol-130880,NA,NA
W-Pol-130923,NA,NA
W-Pol-174960,NA,NA
W-Pol-209806,NA,NA
W-Pol-209915,NA,NA
W-Pol-210048,NA,NA
W-Pol-326898,NA,NA
W-Pol-327403,NA,NA
W-Pol-329723,NA,NA
W-Pol-330765,NA,NA
W-Pol-330807,NA,NA
W-Pol-332242,NA,NA
W-Pol-332564,NA,NA
W-Pol-333396,NA,NA
W-Pol-333404,NA,NA
W-Pol-334448,NA,NA
W-Pol-334456,NA,NA
W-Pol-334562,NA,NA
W-Por-132321,NA,NA
W-Por-132829,NA,NA
W-Por-133198,NA,NA
W-Por-133976,NA,NA
W-Por-133984,NA,NA
W-Por-134025,NA,NA
W-Por-134028,NA,NA
W-Por-134045,NA,NA
W-Por-134078,NA,NA
W-Por-134090,NA,NA
W-Por-134145,NA,NA
W-Por-134326,NA,NA
W-Por-134341,NA,NA
W-Por-134344,NA,NA
W-Por-134345,NA,NA
W-Por-164835,NA,NA
W-Por-164837,NA,NA
W-Por-164857,NA,NA
W-Por-164858,NA,NA
W-Por-164859,NA,NA
W-Por-164866,NA,NA
W-Por-164888,NA,NA
W-Por-164917,NA,NA
W-Por-164944,NA,NA
W-Por-165064,NA,NA
W-Por-165144,NA,NA
W-Por-165313,NA,NA
W-Por-165362,NA,NA
W-Por-165369,NA,NA
W-Por-165452,NA,NA
W-Por-165490,NA,NA
W-Por-165505,NA,NA
W-Por-165528,NA,NA
W-Por-165542,NA,NA
W-Por-165569,NA,NA
W-Por-165640,NA,NA
W-Por-165661,NA,NA
W-Por-165669,NA,NA
W-Por-165675,NA,NA
W-Por-165679,NA,NA
W-Por-165698,NA,NA
W-Por-165706,NA,NA
W-Por-165734,NA,NA
W-Por-165737,NA,NA
W-Por-165738,NA,NA
W-Por-165756,NA,NA
W-Por-165763,NA,NA
W-Por-165784,NA,NA
W-Por-165879,NA,NA
W-Por-165947,NA,NA
W-Por-165962,NA,NA
W-Por-165973,NA,NA
W-Por-165974,NA,NA
W-Por-166004,NA,NA
W-Por-166009,NA,NA
W-Por-166047,NA,NA
W-Por-166089,NA,NA
W-Por-166092,NA,NA
W-Por-166104,NA,NA
W-Por-166117,NA,NA
W-Por-166132,NA,NA
W-Por-166150,NA,NA
W-Por-166422,NA,NA
W-Por-166451,NA,NA
W-Por-166493,NA,NA
W-Por-166717,NA,NA
W-Por-166726,NA,NA
W-Por-166734,NA,NA
W-Por-166784,NA,NA
W-Por-166908,NA,NA
W-Por-166928,NA,NA
W-Por-166999,NA,NA
W-Por-167338,NA,NA
W-Por-167339,NA,NA
W-Por-167340,NA,NA
W-Por-167347,NA,NA
W-Por-167349,NA,NA
W-Por-167358,NA,NA
W-Por-167438,NA,NA
W-Por-167444,NA,NA
W-Por-167942,NA,NA
W-Por-167943,NA,NA
W-Por-167949,NA,NA
W-Por-167967,NA,NA
W-Por-167968,NA,NA
W-Por-167969,NA,NA
W-Por-167975,NA,NA
W-Por-167979,NA,NA
W-Por-167987,NA,NA
W-Por-168006,NA,NA
W-Por-168156,NA,NA
W-Por-168162,NA,NA
W-Por-168173,NA,NA
W-Por-168181,NA,NA
W-Por-168182,NA,NA
W-Por-168185,NA,NA
W-Por-168255,NA,NA
W-Por-168257,NA,NA
W-Por-168265,NA,NA
W-Por-168267,NA,NA
W-Por-168316,NA,NA
W-Por-168348,NA,NA
W-Por-168382,NA,NA
W-Por-168393,NA,NA
W-Por-168406,NA,NA
W-Por-168480,NA,NA
W-Por-168715,NA,NA
W-Por-169018,NA,NA
W-Por-169019,NA,NA
W-Por-169026,NA,NA
W-Por-169123,NA,NA
W-Por-169131,NA,NA
W-Por-169298,NA,NA
W-Por-169334,NA,NA
W-Por-169350,NA,NA
W-Por-169403,NA,NA
W-Por-169503,NA,NA
W-Por-169506,NA,NA
W-Por-169529,NA,NA
W-Por-169623,NA,NA
W-Por-169674,NA,NA
W-Por-169680,NA,NA
W-Por-169704,NA,NA
W-Por-169800,NA,NA
W-Por-169804,NA,NA
W-Por-169820,NA,NA
W-Por-169840,NA,NA
W-Por-169842,NA,NA
W-Por-169871,NA,NA
W-Por-169894,NA,NA
W-Por-169907,NA,NA
W-Por-169920,NA,NA
W-Por-169924,NA,NA
W-Por-169951,NA,NA
W-Por-169957,NA,NA
W-Por-169960,NA,NA
W-Por-169967,NA,NA
W-Por-169978,NA,NA
W-Por-169986,NA,NA
W-Por-170002,NA,NA
W-Por-170003,NA,NA
W-Por-170008,NA,NA
W-Por-170014,NA,NA
W-Por-170016,NA,NA
W-Por-170026,NA,NA
W-Por-170031,NA,NA
W-Por-170054,NA,NA
W-Por-170064,NA,NA
W-Por-170066,NA,NA
W-Por-170071,NA,NA
W-Por-170082,NA,NA
W-Por-170102,NA,NA
W-Por-170103,NA,NA
W-Por-170110,NA,NA
W-Por-170130,NA,NA
W-Por-170133,NA,NA
W-Por-170135,NA,NA
W-Por-170178,NA,NA
W-Por-170232,NA,NA
W-Por-170233,NA,NA
W-Por-170256,NA,NA
W-Por-170260,NA,NA
W-Por-170263,NA,NA
W-Por-170285,NA,NA
W-Por-170295,NA,NA
W-Por-170304,NA,NA
W-Por-170309,NA,NA
W-Por-170318,NA,NA
W-Por-170361,NA,NA
W-Por-170362,NA,NA
W-Por-170364,NA,NA
W-Por-170368,NA,NA
W-Por-170372,NA,NA
W-Por-170374,NA,NA
W-Por-170375,NA,NA
W-Por-170395,NA,NA
W-Por-170451,NA,NA
W-Por-170452,NA,NA
W-Por-170478,NA,NA
W-Por-170482,NA,NA
W-Por-170487,NA,NA
W-Por-170489,NA,NA
W-Por-170498,NA,NA
W-Por-170517,NA,NA
W-Por-170528,NA,NA
W-Por-170541,NA,NA
W-Por-170558,NA,NA
W-Por-170616,NA,NA
W-Por-170634,NA,NA
W-Por-170656,NA,NA
W-Por-170659,NA,NA
W-Por-170678,NA,NA
W-Por-170709,NA,NA
W-Por-170713,NA,NA
W-Por-170717,NA,NA
W-Por-170786,NA,NA
W-Por-170793,NA,NA
W-Por-170809,NA,NA
W-Por-170855,NA,NA
W-Por-170856,NA,NA
W-Por-170865,NA,NA
W-Por-170887,NA,NA
W-Por-170897,NA,NA
W-Por-170908,NA,NA
W-Por-170913,NA,NA
W-Por-170928,NA,NA
W-Por-170929,NA,NA
W-Por-170954,NA,NA
W-Por-170994,NA,NA
W-Por-170995,NA,NA
W-Por-171019,NA,NA
W-Por-171022,NA,NA
W-Por-171032,NA,NA
W-Por-171048,NA,NA
W-Por-171050,NA,NA
W-Por-171057,NA,NA
W-Por-171060,NA,NA
W-Por-171062,NA,NA
W-Por-171065,NA,NA
W-Por-171073,NA,NA
W-Por-171078,NA,NA
W-Por-171081,NA,NA
W-Por-171084,NA,NA
W-Por-171089,NA,NA
W-Por-171094,NA,NA
W-Por-171109,NA,NA
W-Por-171126,NA,NA
W-Por-171156,NA,NA
W-Por-171158,NA,NA
W-Por-171166,NA,NA
W-Por-171178,NA,NA
W-Por-171179,NA,NA
W-Por-171180,NA,NA
W-Por-171183,NA,NA
W-Por-171185,NA,NA
W-Por-171188,NA,NA
W-Por-171192,NA,NA
W-Por-171194,NA,NA
W-Por-171197,NA,NA
W-Por-171208,NA,NA
W-Por-171217,NA,NA
W-Por-171228,NA,NA
W-Por-171229,NA,NA
W-Por-171234,NA,NA
W-Por-171240,NA,NA
W-Por-171252,NA,NA
W-Por-171253,NA,NA
W-Por-171254,NA,NA
W-Por-171257,NA,NA
W-Por-171258,NA,NA
W-Por-171259,NA,NA
W-Por-171268,NA,NA
W-Por-171300,NA,NA
W-Por-171306,NA,NA
W-Por-171313,NA,NA
W-Por-171316,NA,NA
W-Por-171318,NA,NA
W-Por-171326,NA,NA
W-Por-171340,NA,NA
W-Por-171375,NA,NA
W-Por-171397,NA,NA
W-Por-171410,NA,NA
W-Por-189798,NA,NA
W-Por-189841,NA,NA
W-Por-191069,NA,NA
W-Por-233924,NA,NA
W-Por-234020,NA,NA
W-Por-234436,NA,NA
W-Por-234438,NA,NA
W-Por-240545,NA,NA
W-Por-246620,NA,NA
W-Por-246630,NA,NA
W-Por-254432,NA,NA
W-Por-380117,NA,NA
W-Por-393869,NA,NA
W-Por-404985,NA,NA
W-Por-467964,NA,NA
W-Por-478981,NA,NA
W-Por-582059,NA,NA
W-Por-597270,NA,NA
W-Por-719056,NA,NA
W-Por-723673,NA,NA
W-Pyc-134601,NA,NA
W-Pyc-134605,NA,NA
W-Pyc-134613,NA,NA
W-Pyc-134616,NA,NA
W-Pyc-134617,NA,NA
W-Pyc-134620,NA,NA
W-Pyc-134621,NA,NA
W-Pyc-134623,NA,NA
W-Pyc-134624,NA,NA
W-Pyc-134625,NA,NA
W-Pyc-134634,NA,NA
W-Pyc-134637,NA,NA
W-Pyc-134638,NA,NA
W-Pyc-134647,NA,NA
W-Pyc-134648,NA,NA
W-Pyc-134651,NA,NA
W-Pyc-134661,NA,NA
W-Pyc-134665,NA,NA
W-Pyc-134677,NA,NA
W-Pyc-134683,NA,NA
W-Pyc-134685,NA,NA
W-Pyc-134692,NA,NA
W-Pyc-134695,NA,NA
W-Pyc-134698,NA,NA
W-Pyc-134700,NA,NA
W-Pyc-134703,NA,NA
W-Pyc-134706,NA,NA
W-Pyc-134710,NA,NA
W-Pyc-134717,NA,NA
W-Pyc-134743,NA,NA
W-Pyc-134751,NA,NA
W-Pyc-172862,NA,NA
W-Pyc-172919,NA,NA
W-Pyc-172928,NA,NA
W-Pyc-172944,NA,NA
W-Pyc-172968,NA,NA
W-Pyc-172973,NA,NA
W-Pyc-172982,NA,NA
W-Pyc-172986,NA,NA
W-Pyc-173020,NA,NA
W-Pyc-173021,NA,NA
W-Pyc-173162,NA,NA
W-Pyc-173366,NA,NA
W-Pyc-173396,NA,NA
W-Pyc-173398,NA,NA
W-Pyc-173429,NA,NA
W-Pyc-173456,NA,NA
W-Pyc-173513,NA,NA
W-Pyc-173526,NA,NA
W-Pyc-173583,NA,NA
W-Pyc-239405,NA,NA
W-Pyc-239408,NA,NA
W-Pyc-239411,NA,NA
W-Pyc-239412,NA,NA
W-Pyc-239416,NA,NA
W-Pyc-239420,NA,NA
W-Pyc-239421,NA,NA
W-Pyc-239422,NA,NA
W-Pyc-239424,NA,NA
W-Pyc-239427,NA,NA
W-Pyc-239428,NA,NA
W-Pyc-239433,NA,NA
W-Pyc-239440,NA,NA
W-Pyc-239450,NA,NA
W-Pyc-239453,NA,NA
W-Pyc-239454,NA,NA
W-Pyc-239455,NA,NA
W-Pyc-239463,NA,NA
W-Pyc-239468,NA,NA
W-Pyc-239469,NA,NA
W-Pyc-239470,NA,NA
W-Pyc-239474,NA,NA
W-Pyc-239476,NA,NA
W-Pyc-239477,NA,NA
W-Pyc-239480,NA,NA
W-Pyc-239484,NA,NA
W-Pyc-239487,NA,NA
W-Pyc-239494,NA,NA
W-Pyc-239497,NA,NA
W-Pyc-239505,NA,NA
W-Pyc-239516,NA,NA
W-Pyc-239518,NA,NA
W-Pyc-239524,NA,NA
W-Pyc-239526,NA,NA
W-Pyc-239530,NA,NA
W-Pyc-239533,NA,NA
W-Pyc-239535,NA,NA
W-Pyc-239536,NA,NA
W-Pyc-239538,NA,NA
W-Pyc-239554,NA,NA
W-Pyc-239560,NA,NA
W-Pyc-239564,NA,NA
W-Pyc-239565,NA,NA
W-Pyc-239571,NA,NA
W-Pyc-239574,NA,NA
W-Pyc-239579,NA,NA
W-Pyc-239580,NA,NA
W-Pyc-239581,NA,NA
W-Pyc-239585,NA,NA
W-Pyc-239602,NA,NA
W-Pyc-239603,NA,NA
W-Pyc-239606,NA,NA
W-Pyc-239607,NA,NA
W-Pyc-239616,NA,NA
W-Pyc-239618,NA,NA
W-Pyc-239620,NA,NA
W-Pyc-239625,NA,NA
W-Pyc-239632,NA,NA
W-Pyc-239634,NA,NA
W-Pyc-239635,NA,NA
W-Pyc-239636,NA,NA
W-Pyc-239637,NA,NA
W-Pyc-239643,NA,NA
W-Pyc-239645,NA,NA
W-Pyc-239647,NA,NA
W-Pyc-239650,NA,NA
W-Pyc-239651,NA,NA
W-Pyc-239655,NA,NA
W-Pyc-239657,NA,NA
W-Pyc-239663,NA,NA
W-Pyc-239668,NA,NA
W-Pyc-239671,NA,NA
W-Pyc-239678,NA,NA
W-Pyc-239679,NA,NA
W-Pyc-239687,NA,NA
W-Pyc-239691,NA,NA
W-Pyc-239692,NA,NA
W-Pyc-239693,NA,NA
W-Pyc-239694,NA,NA
W-Pyc-239697,NA,NA
W-Pyc-239699,NA,NA
W-Pyc-239700,NA,NA
W-Pyc-239701,NA,NA
W-Pyc-239702,NA,NA
W-Pyc-239703,NA,NA
W-Pyc-239704,NA,NA
W-Pyc-239705,NA,NA
W-Pyc-239707,NA,NA
W-Pyc-239709,NA,NA
W-Pyc-239710,NA,NA
W-Pyc-239711,NA,NA
W-Pyc-239712,NA,NA
W-Pyc-239713,NA,NA
W-Pyc-239719,NA,NA
W-Pyc-239720,NA,NA
W-Pyc-239723,NA,NA
W-Pyc-239724,NA,NA
W-Pyc-239730,NA,NA
W-Pyc-239735,NA,NA
W-Pyc-239737,NA,NA
W-Pyc-239742,NA,NA
W-Pyc-239744,NA,NA
W-Pyc-239750,NA,NA
W-Pyc-239752,NA,NA
W-Pyc-239759,NA,NA
W-Pyc-239765,NA,NA
W-Pyc-239767,NA,NA
W-Pyc-239769,NA,NA
W-Pyc-239771,NA,NA
W-Pyc-239774,NA,NA
W-Pyc-239776,NA,NA
W-Pyc-239780,NA,NA
W-Pyc-239782,NA,NA
W-Pyc-239783,NA,NA
W-Pyc-239785,NA,NA
W-Pyc-239786,NA,NA
W-Pyc-239788,NA,NA
W-Pyc-239789,NA,NA
W-Pyc-239791,NA,NA
W-Pyc-239796,NA,NA
W-Pyc-239799,NA,NA
W-Pyc-239800,NA,NA
W-Pyc-239808,NA,NA
W-Pyc-239811,NA,NA
W-Pyc-239815,NA,NA
W-Pyc-239818,NA,NA
W-Pyc-239819,NA,NA
W-Pyc-239820,NA,NA
W-Pyc-239823,NA,NA
W-Pyc-239824,NA,NA
W-Pyc-239835,NA,NA
W-Pyc-239836,NA,NA
W-Pyc-239838,NA,NA
W-Pyc-239848,NA,NA
W-Pyc-239851,NA,NA
W-Pyc-239852,NA,NA
W-Pyc-239854,NA,NA
W-Pyc-239855,NA,NA
W-Pyc-239857,NA,NA
W-Pyc-239861,NA,NA
W-Pyc-239864,NA,NA
W-Pyc-239866,NA,NA
W-Pyc-239871,NA,NA
W-Pyc-239875,NA,NA
W-Pyc-239877,NA,NA
W-Pyc-239879,NA,NA
W-Pyc-239881,NA,NA
W-Pyc-239884,NA,NA
W-Pyc-239892,NA,NA
W-Pyc-239893,NA,NA
W-Pyc-239898,NA,NA
W-Pyc-239900,NA,NA
W-Pyc-239903,NA,NA
W-Pyc-239910,NA,NA
W-Pyc-239914,NA,NA
W-Pyc-239934,NA,NA
W-Pyc-239939,NA,NA
W-Pyc-239942,NA,NA
W-Pyc-239946,NA,NA
W-Pyc-239948,NA,NA
W-Pyc-239950,NA,NA
W-Pyc-239951,NA,NA
W-Pyc-239960,NA,NA
W-Pyc-239961,NA,NA
W-Pyc-239962,NA,NA
W-Pyc-239964,NA,NA
W-Pyc-239967,NA,NA
W-Pyc-239968,NA,NA
W-Pyc-239972,NA,NA
W-Pyc-239978,NA,NA
W-Pyc-239982,NA,NA
W-Pyc-239986,NA,NA
W-Pyc-239987,NA,NA
W-Pyc-239991,NA,NA
W-Pyc-239993,NA,NA
W-Pyc-239994,NA,NA
W-Pyc-239996,NA,NA
W-Pyc-239997,NA,NA
W-Pyc-239998,NA,NA
W-Pyc-240007,NA,NA
W-Pyc-240008,NA,NA
W-Pyc-240009,NA,NA
W-Pyc-240010,NA,NA
W-Pyc-240011,NA,NA
W-Pyc-240015,NA,NA
W-Pyc-240016,NA,NA
W-Pyc-240022,NA,NA
W-Pyc-240023,NA,NA
W-Pyc-240025,NA,NA
W-Pyc-240028,NA,NA
W-Pyc-240035,NA,NA
W-Pyc-240037,NA,NA
W-Pyc-240041,NA,NA
W-Pyc-240042,NA,NA
W-Pyc-240043,NA,NA
W-Pyc-240046,NA,NA
W-Pyc-240047,NA,NA
W-Pyc-240052,NA,NA
W-Pyc-240054,NA,NA
W-Pyc-240057,NA,NA
W-Pyc-240064,NA,NA
W-Pyc-240066,NA,NA
W-Pyc-240071,NA,NA
W-Pyc-240072,NA,NA
W-Pyc-240076,NA,NA
W-Pyc-240093,NA,NA
W-Pyc-240095,NA,NA
W-Pyc-240098,NA,NA
W-Pyc-240100,NA,NA
W-Pyc-240103,NA,NA
W-Pyc-240110,NA,NA
W-Pyc-240111,NA,NA
W-Pyc-240116,NA,NA
W-Pyc-240117,NA,NA
W-Pyc-240118,NA,NA
W-Pyc-240121,NA,NA
W-Pyc-240123,NA,NA
W-Pyc-240126,NA,NA
W-Pyc-240131,NA,NA
W-Pyc-240136,NA,NA
W-Pyc-240138,NA,NA
W-Pyc-240140,NA,NA
W-Pyc-240142,NA,NA
W-Pyc-240144,NA,NA
W-Pyc-240147,NA,NA
W-Pyc-240149,NA,NA
W-Pyc-240152,NA,NA
W-Pyc-240153,NA,NA
W-Pyc-240154,NA,NA
W-Pyc-240156,NA,NA
W-Pyc-240160,NA,NA
W-Pyc-240162,NA,NA
W-Pyc-240163,NA,NA
W-Pyc-240164,NA,NA
W-Pyc-240165,NA,NA
W-Pyc-240173,NA,NA
W-Pyc-240179,NA,NA
W-Pyc-240181,NA,NA
W-Pyc-240186,NA,NA
W-Pyc-240189,NA,NA
W-Pyc-240190,NA,NA
W-Pyc-240193,NA,NA
W-Pyc-240198,NA,NA
W-Pyc-240210,NA,NA
W-Pyc-240211,NA,NA
W-Pyc-240212,NA,NA
W-Pyc-240214,NA,NA
W-Pyc-240215,NA,NA
W-Pyc-240216,NA,NA
W-Pyc-240220,NA,NA
W-Pyc-240222,NA,NA
W-Pyc-240224,NA,NA
W-Pyc-240226,NA,NA
W-Pyc-240232,NA,NA
W-Pyc-240244,NA,NA
W-Pyc-240248,NA,NA
W-Pyc-240249,NA,NA
W-Pyc-240252,NA,NA
W-Pyc-240254,NA,NA
W-Pyc-240260,NA,NA
W-Pyc-240265,NA,NA
W-Pyc-240269,NA,NA
W-Pyc-240273,NA,NA
W-Pyc-240282,NA,NA
W-Pyc-240283,NA,NA
W-Pyc-240284,NA,NA
W-Pyc-240289,NA,NA
W-Pyc-240291,NA,NA
W-Pyc-240296,NA,NA
W-Pyc-240298,NA,NA
W-Pyc-240302,NA,NA
W-Pyc-240305,NA,NA
W-Pyc-240311,NA,NA
W-Pyc-240332,NA,NA
W-Pyc-240339,NA,NA
W-Pyc-240342,NA,NA
W-Pyc-240343,NA,NA
W-Pyc-240344,NA,NA
W-Pyc-240348,NA,NA
W-Pyc-240349,NA,NA
W-Pyc-240351,NA,NA
W-Pyc-240354,NA,NA
W-Pyc-240355,NA,NA
W-Pyc-240358,NA,NA
W-Pyc-240359,NA,NA
W-Pyc-240360,NA,NA
W-Pyc-240361,NA,NA
W-Pyc-240369,NA,NA
W-Pyc-240372,NA,NA
W-Pyc-240373,NA,NA
W-Pyc-240375,NA,NA
W-Pyc-240376,NA,NA
W-Pyc-240377,NA,NA
W-Pyc-240378,NA,NA
W-Pyc-240379,NA,NA
W-Pyc-240381,NA,NA
W-Pyc-240384,NA,NA
W-Pyc-240385,NA,NA
W-Pyc-240387,NA,NA
W-Pyc-240388,NA,NA
W-Pyc-240395,NA,NA
W-Pyc-240397,NA,NA
W-Pyc-240406,NA,NA
W-Pyc-240407,NA,NA
W-Pyc-240408,NA,NA
W-Pyc-240415,NA,NA
W-Pyc-240416,NA,NA
W-Pyc-240418,NA,NA
W-Pyc-240419,NA,NA
W-Pyc-266323,NA,NA
W-Pyc-266327,NA,NA
W-Pyc-266329,NA,NA
W-Pyc-370765,NA,NA
W-Pyc-851553,NA,NA
W-Scl-206984,NA,NA
W-Scl-207119,NA,NA
W-Scl-207150,NA,NA
W-Scl-207168,NA,NA
W-Scl-207213,NA,NA
W-Scl-287692,NA,NA
W-Scl-287725,NA,NA
W-Scl-287726,NA,NA
W-Scl-287729,NA,NA
W-Scl-288066,NA,NA
W-Scl-288203,NA,NA
W-Scl-288204,NA,NA
W-Scl-288205,NA,NA
W-Scl-288216,NA,NA
W-Scl-288237,NA,NA
W-Scl-288241,NA,NA
W-Scl-288257,NA,NA
W-Scl-288268,NA,NA
W-Scl-288888,NA,NA
W-Scl-289253,NA,NA
W-Scl-430671,NA,NA
W-Scl-430674,NA,NA
W-Scl-759336,NA,NA
